2,-0.0400390625, 0.064453125, -1.068359375, -0.853658536585366, 3.963414634146342, -1.524390243902439
4,-0.03857421875, 0.05517578125, -1.0654296875, -0.9756097560975611, 2.5, 0.5487804878048781
6,-0.02685546875, 0.060546875, -1.05859375, 1.402439024390244, 2.804878048780488, 1.6463414634146343
8,-0.033203125, 0.076171875, -1.06494140625, 1.9512195121951221, 4.817073170731708, 0.7926829268292683
10,-0.041015625, 0.07861328125, -1.05126953125, 0.9756097560975611, 5.487804878048781, -0.12195121951219513
12,-0.05224609375, 0.09912109375, -1.0341796875, -0.48780487804878053, 3.963414634146342, 1.402439024390244
14,-0.05615234375, 0.08349609375, -1.064453125, -2.378048780487805, 1.3414634146341464, -0.9756097560975611
16,-0.0537109375, 0.08447265625, -1.060546875, -1.5853658536585367, 1.524390243902439, -1.6463414634146343
18,-0.0439453125, 0.07080078125, -1.06298828125, -3.048780487804878, 1.0975609756097562, -1.9512195121951221
20,-0.05029296875, 0.06640625, -1.07080078125, -3.2926829268292686, 0.0, -1.7682926829268295
22,-0.03515625, 0.0517578125, -1.0673828125, -0.3658536585365854, -0.7926829268292683, -0.7926829268292683
24,-0.0390625, 0.05224609375, -1.06201171875, -1.9512195121951221, 0.0, 0.06097560975609757
26,-0.04150390625, 0.0625, -1.06005859375, -0.12195121951219513, -0.12195121951219513, -0.426829268292683
28,-0.03173828125, 0.0625, -1.06005859375, -0.9756097560975611, 0.30487804878048785, 1.2804878048780488
30,-0.04150390625, 0.0517578125, -1.0771484375, -0.853658536585366, 0.9146341463414634, 0.9146341463414634
32,-0.04833984375, 0.06201171875, -1.07177734375, 1.0975609756097562, 1.8902439024390245, 1.0365853658536586
34,-0.04296875, 0.07763671875, -1.07568359375, 2.073170731707317, 2.378048780487805, 0.48780487804878053
36,-0.04052734375, 0.08203125, -1.07421875, 1.402439024390244, 3.4756097560975614, -0.9146341463414634
38,-0.068359375, 0.0537109375, -1.07861328125, 2.3170731707317076, 2.804878048780488, -0.7317073170731708
40,-0.06201171875, 0.07763671875, -1.072265625, 4.329268292682928, 2.5, -0.9756097560975611
42,-0.0498046875, 0.09814453125, -1.0693359375, 1.6463414634146343, 1.9512195121951221, -2.5
44,-0.0625, 0.07568359375, -1.06298828125, -0.1829268292682927, 0.3658536585365854, -3.048780487804878
46,-0.04345703125, 0.0703125, -1.064453125, 1.1585365853658538, -2.5609756097560976, -0.9146341463414634
48,-0.0419921875, 0.06298828125, -1.07861328125, 1.5853658536585367, -1.707317073170732, -1.829268292682927
50,-0.05712890625, 0.056640625, -1.08154296875, 1.829268292682927, -0.9146341463414634, -2.6219512195121952
52,-0.05810546875, 0.0390625, -1.07666015625, 5.548780487804878, -0.12195121951219513, -3.231707317073171
54,-0.041015625, 0.0537109375, -1.08447265625, 8.597560975609756, -1.8902439024390245, -1.5853658536585367
56,-0.07177734375, 0.03564453125, -1.11279296875, 11.097560975609756, -2.25609756097561, -1.7682926829268295
58,-0.10205078125, 0.0576171875, -1.1279296875, 17.073170731707318, -5.182926829268293, -6.097560975609756
60,-0.10546875, -0.029296875, -1.21044921875, 42.01219512195122, -10.792682926829269, -15.731707317073171
62,-0.08642578125, -0.02734375, -1.12158203125, 53.963414634146346, -6.158536585365854, -17.5
64,-0.1044921875, -0.0517578125, -1.09326171875, 73.47560975609757, -0.48780487804878053, -24.451219512195124
66,-0.11083984375, -0.08740234375, -1.14501953125, 84.63414634146342, -6.585365853658537, -22.439024390243905
68,-0.1357421875, -0.1396484375, -1.1376953125, 85.42682926829269, -4.024390243902439, -20.182926829268293
70,-0.14111328125, -0.16064453125, -1.12109375, 106.58536585365854, -5.182926829268293, -22.195121951219512
72,-0.09912109375, -0.09814453125, -1.07275390625, 121.40243902439025, -8.353658536585366, -18.902439024390244
74,-0.078125, -0.08984375, -1.03564453125, 117.31707317073172, -12.560975609756099, -9.390243902439025
76,-0.12060546875, -0.17529296875, -1.0712890625, 116.03658536585367, -24.02439024390244, 0.426829268292683
78,-0.14794921875, -0.2060546875, -1.08349609375, 122.50000000000001, -24.573170731707318, -9.329268292682928
80,-0.15234375, -0.234375, -1.04052734375, 125.97560975609757, -23.353658536585368, -14.26829268292683
82,-0.1640625, -0.28466796875, -1.0576171875, 125.42682926829269, -30.30487804878049, -10.670731707317074
84,-0.16552734375, -0.37841796875, -1.08544921875, 126.64634146341464, -39.390243902439025, -2.25609756097561
86,-0.0791015625, -0.30859375, -1.03759765625, 133.2926829268293, -38.53658536585366, -10.30487804878049
88,0.0810546875, -0.40087890625, -0.94091796875, 121.70731707317074, -16.097560975609756, -16.52439024390244
90,-0.04736328125, -0.38427734375, -0.89208984375, 116.64634146341464, 9.02439024390244, -18.170731707317074
92,-0.13671875, -0.43212890625, -0.8779296875, 87.25609756097562, 6.219512195121951, -12.500000000000002
94,-0.13330078125, -0.43017578125, -0.8515625, 80.2439024390244, -0.48780487804878053, -7.073170731707318
96,-0.00927734375, -0.42138671875, -0.77978515625, 40.0609756097561, -2.9268292682926833, 0.30487804878048785
98,0.00341796875, -0.37353515625, -0.76953125, -15.975609756097562, 18.04878048780488, -20.670731707317074
100,0.0009765625, -0.29541015625, -0.73046875, -60.85365853658537, 28.902439024390247, -36.58536585365854
102,0.0048828125, -0.31787109375, -0.73974609375, -94.02439024390245, 26.463414634146343, -37.31707317073171
104,-0.04833984375, -0.3291015625, -0.72998046875, -114.75609756097562, 19.32926829268293, -27.987804878048784
106,-0.16650390625, -0.3115234375, -0.8271484375, -135.7926829268293, -2.1341463414634148, -6.341463414634147
108,-0.177734375, -0.2509765625, -0.84033203125, -151.28048780487805, -18.29268292682927, -3.658536585365854
110,-0.1767578125, -0.20458984375, -0.88037109375, -192.6219512195122, -33.29268292682927, -21.28048780487805
112,-0.18115234375, -0.18310546875, -0.9169921875, -227.62195121951223, -58.53658536585366, -17.378048780487806
114,-0.107421875, -0.1962890625, -0.97314453125, -230.4268292682927, -67.43902439024392, -12.621951219512196
116,-0.02685546875, -0.25, -1.01904296875, -232.13414634146343, -77.25609756097562, -7.865853658536586
118,0.03955078125, -0.36083984375, -1.173828125, -214.81707317073173, -59.81707317073171, -3.963414634146342
120,0.02978515625, -0.35791015625, -1.19580078125, -189.26829268292684, -23.719512195121954, -10.365853658536587
122,0.01025390625, -0.23291015625, -1.12548828125, -155.5487804878049, 4.024390243902439, -8.048780487804878
124,-0.11376953125, -0.10009765625, -1.09765625, -144.57317073170734, 9.146341463414634, -9.207317073170733
126,-0.2099609375, -0.11279296875, -1.126953125, -141.76829268292684, -1.3414634146341464, -2.1341463414634148
128,-0.25048828125, -0.13818359375, -1.158203125, -125.2439024390244, -10.975609756097562, 10.914634146341465
130,-0.1474609375, -0.08837890625, -1.173828125, -87.43902439024392, -4.878048780487806, 15.609756097560977
132,-0.1201171875, -0.04638671875, -1.16748046875, -79.32926829268294, 2.439024390243903, 10.731707317073171
134,-0.11962890625, 0.0927734375, -1.0634765625, -74.63414634146342, 19.573170731707318, -2.9268292682926833
136,-0.18115234375, 0.1328125, -0.99365234375, -80.79268292682927, 13.231707317073171, -3.1707317073170733
138,-0.09423828125, 0.10498046875, -1.16357421875, -46.28048780487805, 10.365853658536587, 25.670731707317074
140,-0.115234375, 0.11474609375, -1.169921875, -36.28048780487805, 17.865853658536587, 25.0609756097561
142,-0.134765625, 0.14697265625, -1.15380859375, -29.32926829268293, 22.5609756097561, 23.59756097560976
144,-0.20068359375, 0.2626953125, -1.0732421875, -23.719512195121954, 31.646341463414636, 14.939024390243905
146,-0.23486328125, 0.29736328125, -1.0537109375, -25.182926829268293, 24.634146341463417, 13.658536585365855
148,-0.2431640625, 0.2802734375, -1.04736328125, -27.195121951219516, 15.000000000000002, 15.365853658536587
150,-0.2099609375, 0.23095703125, -1.1171875, -17.98780487804878, 1.8902439024390245, 15.121951219512196
152,-0.1962890625, 0.2041015625, -1.1220703125, 2.1341463414634148, 3.231707317073171, 16.463414634146343
154,-0.20849609375, 0.177734375, -1.11181640625, 16.82926829268293, 4.51219512195122, 18.902439024390244
156,-0.2119140625, 0.18212890625, -1.11181640625, 29.08536585365854, 4.878048780487806, 19.634146341463417
158,-0.21142578125, 0.20751953125, -1.0986328125, 39.08536585365854, 4.451219512195122, 19.75609756097561
160,-0.15966796875, 0.2763671875, -1.07275390625, 43.963414634146346, 3.8414634146341466, 9.817073170731708
162,-0.171875, 0.091796875, -1.16845703125, 70.48780487804879, -9.756097560975611, 12.621951219512196
164,-0.13134765625, 0.0087890625, -1.1806640625, 106.64634146341464, -4.939024390243903, 9.756097560975611
166,-0.20703125, 0.01318359375, -1.267578125, 135.85365853658539, -5.670731707317073, 15.243902439024392
168,-0.20068359375, 0.02392578125, -1.21923828125, 144.45121951219514, 0.5487804878048781, 30.731707317073173
170,-0.14501953125, 0.09619140625, -1.09228515625, 156.58536585365854, 7.439024390243903, 24.02439024390244
172,-0.150390625, 0.12646484375, -1.04736328125, 152.37804878048783, 10.975609756097562, 18.53658536585366
174,-0.216796875, -0.05224609375, -1.1611328125, 135.0, -24.390243902439025, -9.756097560975611
176,-0.0029296875, -0.1015625, -1.0166015625, 127.92682926829269, -14.390243902439027, 9.329268292682928
178,0.033203125, -0.1962890625, -0.97802734375, 131.89024390243904, -2.1341463414634148, 6.158536585365854
180,-0.01708984375, -0.171875, -0.9453125, 127.8048780487805, 9.756097560975611, -1.7682926829268295
182,-0.166015625, -0.1953125, -0.93798828125, 99.20731707317074, 9.02439024390244, -23.658536585365855
184,-0.2197265625, -0.26904296875, -0.9326171875, 87.92682926829269, -5.426829268292684, -30.60975609756098
186,-0.22509765625, -0.23583984375, -0.9423828125, 87.37804878048782, -11.52439024390244, -21.219512195121954
188,-0.0546875, -0.25244140625, -0.81494140625, 64.87804878048782, -14.451219512195124, -6.341463414634147
190,0.015625, -0.2783203125, -0.7880859375, 43.47560975609756, -11.402439024390246, 0.426829268292683
192,0.017578125, -0.2958984375, -0.78759765625, 21.463414634146343, -3.2926829268292686, -2.682926829268293
194,0.00146484375, -0.3271484375, -0.8193359375, 12.500000000000002, 0.3658536585365854, -5.2439024390243905
196,-0.078125, -0.41455078125, -0.8837890625, -3.4756097560975614, 6.646341463414635, -10.426829268292684
198,-0.06591796875, -0.34912109375, -0.84521484375, -14.51219512195122, 9.085365853658537, -8.475609756097562
200,-0.060546875, -0.25390625, -0.81591796875, -37.926829268292686, 10.609756097560977, -9.26829268292683
202,-0.09326171875, -0.27001953125, -0.8447265625, -62.743902439024396, 2.25609756097561, -4.024390243902439
204,-0.12939453125, -0.3046875, -0.88134765625, -81.34146341463415, -10.914634146341465, 1.524390243902439
206,-0.11962890625, -0.30908203125, -0.9208984375, -85.60975609756099, -16.28048780487805, 3.9024390243902443
208,-0.05322265625, -0.34814453125, -0.9736328125, -90.85365853658537, -17.31707317073171, 1.9512195121951221
210,-0.03515625, -0.33349609375, -1.00048828125, -90.0609756097561, -5.914634146341464, -5.121951219512195
212,-0.05322265625, -0.267578125, -0.99267578125, -86.15853658536587, 6.341463414634147, 6.707317073170732
214,-0.20849609375, -0.03125, -0.880859375, -141.58536585365854, 15.609756097560977, -21.646341463414636
216,-0.27197265625, 0.03515625, -0.92919921875, -156.21951219512198, -19.26829268292683, -7.01219512195122
218,-0.150390625, -0.05224609375, -1.03125, -161.82926829268294, -42.43902439024391, 13.658536585365855
220,-0.056640625, -0.1318359375, -1.134765625, -155.85365853658539, -45.36585365853659, 18.963414634146343
222,-0.03759765625, -0.13232421875, -1.2060546875, -74.45121951219512, 29.695121951219516, 9.573170731707318
224,-0.11572265625, 0.087890625, -1.08447265625, -68.96341463414635, 49.024390243902445, -0.9146341463414634
226,-0.23779296875, 0.1806640625, -1.0322265625, -80.3658536585366, 30.426829268292686, -1.4634146341463417
228,-0.2666015625, 0.2177734375, -1.017578125, -92.25609756097562, 16.28048780487805, -2.682926829268293
230,-0.27783203125, 0.22119140625, -1.03564453125, -100.97560975609757, 1.6463414634146343, -7.8048780487804885
232,-0.2578125, 0.1875, -1.07421875, -103.29268292682927, -14.329268292682928, -4.573170731707317
234,-0.2109375, 0.13525390625, -1.11572265625, -97.5609756097561, -26.58536585365854, -0.5487804878048781
236,-0.115234375, 0.18603515625, -1.13134765625, -67.13414634146342, -8.414634146341465, -7.560975609756098
238,-0.125, 0.220703125, -1.12939453125, -60.487804878048784, -4.51219512195122, -5.853658536585367
240,-0.12744140625, 0.23291015625, -1.11767578125, -51.524390243902445, -0.5487804878048781, 1.0975609756097562
242,-0.1376953125, 0.21728515625, -1.1279296875, -41.707317073170735, -1.2804878048780488, 6.158536585365854
244,-0.14013671875, 0.19775390625, -1.15966796875, -31.34146341463415, -1.7682926829268295, 9.817073170731708
246,-0.1435546875, 0.1318359375, -1.20263671875, -9.451219512195122, -0.9146341463414634, 18.719512195121954
248,-0.14306640625, 0.1025390625, -1.2412109375, 11.097560975609756, 3.5975609756097566, 23.231707317073173
250,-0.1640625, 0.15576171875, -1.17626953125, 63.71951219512196, 16.28048780487805, 22.621951219512198
252,-0.15771484375, 0.24365234375, -1.07373046875, 70.3048780487805, 14.146341463414636, 8.231707317073171
254,-0.13623046875, 0.2138671875, -1.064453125, 69.75609756097562, 10.30487804878049, 10.731707317073171
256,-0.1064453125, 0.166015625, -1.06591796875, 77.8048780487805, 7.682926829268293, 15.060975609756099
258,-0.1640625, 0.08935546875, -1.12255859375, 83.10975609756099, -1.2804878048780488, 14.329268292682928
260,-0.2294921875, -0.0419921875, -1.20751953125, 101.40243902439025, -12.256097560975611, 18.84146341463415
262,-0.24951171875, -0.06201171875, -1.236328125, 119.51219512195124, -13.841463414634148, 13.29268292682927
264,-0.2236328125, 0.01318359375, -1.19384765625, 134.81707317073173, -6.341463414634147, 4.939024390243903
266,-0.1884765625, 0.06103515625, -1.134765625, 137.5609756097561, -3.414634146341464, 2.439024390243903
268,-0.11279296875, 0.07568359375, -1.05810546875, 134.02439024390245, -9.085365853658537, 10.548780487804878
270,-0.14501953125, 0.05126953125, -1.04931640625, 127.13414634146342, -7.926829268292684, 7.134146341463415
272,-0.18603515625, 0.00390625, -1.078125, 119.39024390243904, -15.182926829268293, 1.402439024390244
274,-0.20703125, -0.0771484375, -1.07666015625, 117.07317073170732, -25.243902439024392, -2.7439024390243905
276,-0.1728515625, -0.103515625, -1.04443359375, 118.59756097560977, -25.853658536585368, -11.646341463414634
278,-0.09228515625, -0.09375, -1.0107421875, 121.95121951219514, -21.219512195121954, -12.073170731707318
280,-0.06103515625, -0.1015625, -0.98876953125, 117.8048780487805, -19.939024390243905, -3.7195121951219514
282,-0.05615234375, -0.23779296875, -0.974609375, 108.90243902439025, -18.597560975609756, 7.500000000000001
284,-0.11962890625, -0.24462890625, -0.95263671875, 110.1829268292683, -4.451219512195122, -3.1097560975609757
286,-0.14013671875, -0.224609375, -0.916015625, 98.04878048780489, 4.51219512195122, -18.231707317073173
288,-0.1611328125, -0.2763671875, -0.9111328125, 63.41463414634147, -11.52439024390244, -4.2682926829268295
290,-0.0556640625, -0.3828125, -0.92724609375, 52.19512195121952, -1.7682926829268295, -6.158536585365854
292,-0.10107421875, -0.32470703125, -0.8310546875, 11.890243902439025, 8.109756097560977, -7.073170731707318
294,-0.06103515625, -0.3427734375, -0.84130859375, 5.3048780487804885, 11.097560975609756, -4.634146341463415
296,-0.10400390625, -0.36865234375, -0.85302734375, -10.914634146341465, 19.32926829268293, -6.097560975609756
298,-0.19091796875, -0.388671875, -0.88427734375, -18.963414634146343, 5.2439024390243905, -1.1585365853658538
300,-0.2548828125, -0.14501953125, -0.7373046875, -72.92682926829269, -15.182926829268293, -9.146341463414634
302,-0.0693359375, -0.2568359375, -0.90966796875, -111.95121951219514, -42.31707317073171, 13.475609756097562
304,-0.05712890625, -0.298828125, -0.97900390625, -119.39024390243904, -27.682926829268297, 10.731707317073171
306,-0.09521484375, -0.31689453125, -1.0029296875, -117.92682926829269, -21.463414634146343, 9.939024390243903
308,-0.13037109375, -0.26123046875, -0.99365234375, -114.02439024390245, -15.79268292682927, 5.426829268292684
310,-0.2138671875, -0.1162109375, -0.9482421875, -124.87804878048782, -9.695121951219512, -3.5975609756097566
312,-0.2431640625, -0.068359375, -0.9130859375, -135.3048780487805, -12.256097560975611, -5.670731707317073
314,-0.25732421875, -0.0126953125, -0.9169921875, -159.39024390243904, -30.853658536585368, -3.1707317073170733
316,-0.12890625, -0.1572265625, -1.04150390625, -161.52439024390245, -36.21951219512196, 15.609756097560977
318,-0.0576171875, -0.2197265625, -1.14501953125, -145.1829268292683, -27.195121951219516, 25.48780487804878
320,-0.04052734375, -0.26806640625, -1.22119140625, -126.28048780487806, -11.585365853658537, 26.158536585365855
322,-0.20751953125, -0.1533203125, -1.22705078125, -73.10975609756098, 28.414634146341466, 4.451219512195122
324,-0.20458984375, 0.0078125, -1.1982421875, -52.6829268292683, 13.109756097560977, 8.78048780487805
326,-0.21875, -0.02294921875, -1.21533203125, -31.707317073170735, 15.060975609756099, 9.146341463414634
328,-0.20703125, 0.001953125, -1.18896484375, -22.073170731707318, 16.890243902439025, 8.963414634146343
330,-0.17919921875, 0.08154296875, -1.12158203125, -12.560975609756099, 20.853658536585368, 4.024390243902439
332,-0.17333984375, 0.12451171875, -1.07275390625, -12.682926829268293, 21.82926829268293, 3.536585365853659
334,-0.19384765625, 0.15966796875, -1.07275390625, -17.439024390243905, 15.853658536585368, 3.4756097560975614
336,-0.21630859375, 0.09619140625, -1.1201171875, -18.719512195121954, 9.02439024390244, 8.231707317073171
338,-0.2412109375, 0.04541015625, -1.15869140625, -10.609756097560977, 4.51219512195122, 10.609756097560977
340,-0.22705078125, 0.013671875, -1.177734375, 6.097560975609756, 5.182926829268293, 8.658536585365855
342,-0.18798828125, 0.04736328125, -1.1318359375, 23.719512195121954, 7.073170731707318, 8.292682926829269
344,-0.18115234375, 0.0654296875, -1.1162109375, 31.82926829268293, 11.036585365853659, 5.609756097560976
346,-0.18359375, 0.05810546875, -1.11669921875, 38.29268292682927, 11.52439024390244, 6.7682926829268295
348,-0.19970703125, 0.0439453125, -1.11962890625, 48.71951219512196, 12.256097560975611, 9.329268292682928
350,-0.18359375, 0.0498046875, -1.115234375, 54.87804878048781, 13.170731707317074, 8.170731707317074
352,-0.1845703125, -0.029296875, -1.1513671875, 66.40243902439025, 7.134146341463415, 9.207317073170733
354,-0.1953125, -0.16650390625, -1.259765625, 110.1219512195122, 0.1829268292682927, -0.3658536585365854
356,-0.21875, -0.12548828125, -1.0771484375, 144.32926829268294, 12.378048780487806, 1.829268292682927
358,-0.1875, -0.10498046875, -1.021484375, 141.89024390243904, 7.073170731707318, 2.804878048780488
360,0.00927734375, -0.177734375, -0.94091796875, 103.10975609756099, -0.6097560975609757, -3.1707317073170733
362,-0.01220703125, -0.24462890625, -0.951171875, 95.79268292682927, -2.0121951219512195, -2.804878048780488
364,-0.046875, -0.30810546875, -0.9521484375, 92.37804878048782, 0.9756097560975611, -6.585365853658537
366,-0.1103515625, -0.36328125, -0.990234375, 101.58536585365854, 5.0, -20.853658536585368
368,-0.12890625, -0.3291015625, -0.93896484375, 97.8048780487805, 16.82926829268293, -13.04878048780488
370,-0.1064453125, -0.296875, -0.853515625, 87.31707317073172, 21.82926829268293, -8.414634146341465
372,-0.10595703125, -0.23974609375, -0.7939453125, 63.963414634146346, 14.390243902439027, -0.6097560975609757
374,-0.11669921875, -0.2548828125, -0.791015625, 41.09756097560976, 9.02439024390244, 0.7926829268292683
376,-0.09814453125, -0.3154296875, -0.814453125, 17.926829268292686, 0.48780487804878053, 2.1951219512195124
378,-0.09375, -0.365234375, -0.84423828125, 7.926829268292684, -1.402439024390244, 3.658536585365854
380,-0.10009765625, -0.38916015625, -0.8720703125, 1.7682926829268295, 3.048780487804878, -0.30487804878048785
382,-0.10498046875, -0.3740234375, -0.857421875, -3.1097560975609757, 6.219512195121951, -0.6707317073170732
384,-0.0927734375, -0.38330078125, -0.8515625, -8.048780487804878, 8.292682926829269, 2.073170731707317
386,-0.1279296875, -0.34765625, -0.85009765625, -14.51219512195122, 13.719512195121952, -1.402439024390244
388,-0.15234375, -0.32080078125, -0.857421875, -24.939024390243905, 13.475609756097562, -3.963414634146342
390,-0.1728515625, -0.326171875, -0.8505859375, -35.0, 8.231707317073171, -5.426829268292684
392,-0.19091796875, -0.31396484375, -0.8837890625, -47.43902439024391, -2.7439024390243905, -2.378048780487805
394,-0.16650390625, -0.34130859375, -0.884765625, -57.6829268292683, -13.902439024390246, 1.9512195121951221
396,-0.14501953125, -0.3671875, -0.919921875, -61.40243902439025, -18.231707317073173, 4.573170731707317
398,-0.09765625, -0.32421875, -0.92578125, -62.50000000000001, -6.158536585365854, -5.182926829268293
400,-0.0625, -0.255859375, -0.88525390625, -108.04878048780489, -4.024390243902439, -7.621951219512196
402,-0.05859375, -0.34228515625, -0.97314453125, -104.14634146341464, -14.146341463414636, 10.792682926829269
404,-0.05859375, -0.33837890625, -1.05419921875, -95.85365853658537, -9.085365853658537, 12.01219512195122
406,-0.1455078125, -0.28759765625, -1.029296875, -82.6829268292683, 12.317073170731708, -4.51219512195122
408,-0.17138671875, -0.177734375, -0.99365234375, -80.1219512195122, 14.085365853658537, -7.926829268292684
410,-0.22705078125, -0.08984375, -0.9619140625, -93.78048780487806, 8.109756097560977, -11.52439024390244
412,-0.20849609375, -0.0302734375, -0.93798828125, -109.81707317073172, -5.609756097560976, -12.80487804878049
414,-0.16943359375, -0.00244140625, -0.95458984375, -129.39024390243904, -23.963414634146343, -4.817073170731708
416,-0.06201171875, -0.13427734375, -1.08056640625, -135.1829268292683, -39.451219512195124, 7.01219512195122
418,-0.08935546875, -0.0693359375, -1.142578125, -73.90243902439025, 22.682926829268293, 0.9146341463414634
420,-0.19873046875, 0.01318359375, -1.126953125, -65.1219512195122, 22.439024390243905, 0.7317073170731708
422,-0.23193359375, 0.09619140625, -1.076171875, -64.69512195121952, 24.573170731707318, -6.951219512195123
424,-0.236328125, 0.1494140625, -1.05908203125, -67.6219512195122, 22.80487804878049, -8.170731707317074
426,-0.18896484375, 0.1484375, -1.04736328125, -74.45121951219512, 9.817073170731708, -5.609756097560976
428,-0.048828125, 0.0078125, -1.22021484375, -61.463414634146346, -3.231707317073171, 11.402439024390246
430,-0.06201171875, -0.05615234375, -1.27587890625, -34.390243902439025, 15.731707317073171, 9.817073170731708
432,-0.19921875, 0.1611328125, -1.125, 7.8048780487804885, 34.207317073170735, 0.7317073170731708
434,-0.220703125, 0.205078125, -1.0947265625, -0.3658536585365854, 12.987804878048781, 0.853658536585366
436,-0.21923828125, 0.16162109375, -1.11572265625, -2.25609756097561, 0.12195121951219513, 0.9146341463414634
438,-0.19775390625, 0.11279296875, -1.15576171875, 0.9756097560975611, -8.658536585365855, 4.695121951219512
440,-0.15771484375, 0.05224609375, -1.18017578125, 7.682926829268293, -13.963414634146343, 7.8048780487804885
442,-0.08251953125, 0.00732421875, -1.22021484375, 30.60975609756098, -11.219512195121952, 8.109756097560977
444,-0.07861328125, 0.0068359375, -1.20703125, 44.57317073170732, -2.682926829268293, 3.658536585365854
446,-0.07275390625, 0.02490234375, -1.1826171875, 52.07317073170732, 2.8658536585365857, 2.073170731707317
448,-0.072265625, 0.0966796875, -1.11279296875, 61.21951219512196, 10.0, -0.12195121951219513
450,-0.15625, 0.01611328125, -1.140625, 70.60975609756098, 1.9512195121951221, 2.6219512195121952
452,-0.1650390625, -0.11376953125, -1.2138671875, 91.46341463414635, -8.78048780487805, 8.963414634146343
454,-0.1708984375, -0.15380859375, -1.22119140625, 104.81707317073172, -10.426829268292684, 9.756097560975611
456,-0.185546875, -0.19775390625, -1.23388671875, 123.59756097560977, -11.341463414634147, 5.182926829268293
458,-0.15869140625, -0.15283203125, -1.23779296875, 147.4390243902439, -9.878048780487806, 2.987804878048781
460,-0.09716796875, -0.076171875, -1.1494140625, 157.5609756097561, 1.829268292682927, 1.707317073170732
462,-0.0478515625, 0.02001953125, -0.98095703125, 135.2439024390244, 10.914634146341465, 3.780487804878049
464,-0.1318359375, -0.16455078125, -0.9560546875, 107.92682926829269, -3.353658536585366, 9.695121951219512
466,-0.142578125, -0.244140625, -1.00537109375, 110.3048780487805, -11.707317073170733, 11.402439024390246
468,-0.1337890625, -0.34130859375, -1.08837890625, 113.41463414634147, -20.670731707317074, 6.52439024390244
470,-0.13330078125, -0.423828125, -1.09375, 121.03658536585367, -28.780487804878053, -14.02439024390244
472,-0.0546875, -0.26220703125, -1.0654296875, 142.31707317073173, -26.52439024390244, -26.09756097560976
474,-0.0146484375, -0.20849609375, -0.9775390625, 119.93902439024392, -1.707317073170732, -9.756097560975611
476,-0.18701171875, -0.36962890625, -0.91552734375, 51.09756097560976, -11.219512195121952, 8.231707317073171
478,-0.1123046875, -0.37890625, -0.91796875, 44.32926829268293, -15.731707317073171, 3.780487804878049
480,-0.03076171875, -0.37744140625, -0.8779296875, 39.08536585365854, -11.28048780487805, 0.30487804878048785
482,-0.017578125, -0.35791015625, -0.8203125, 22.98780487804878, 4.634146341463415, 1.0365853658536586
484,-0.20166015625, -0.33837890625, -0.78662109375, -10.121951219512196, 8.353658536585366, -4.573170731707317
486,-0.2158203125, -0.34765625, -0.78564453125, -20.30487804878049, 0.48780487804878053, -2.378048780487805
488,-0.1728515625, -0.3818359375, -0.8232421875, -31.52439024390244, -7.926829268292684, 1.0975609756097562
490,-0.14892578125, -0.42578125, -0.86279296875, -35.487804878048784, -8.414634146341465, 1.5853658536585367
492,-0.15087890625, -0.43505859375, -0.8818359375, -37.01219512195122, -8.292682926829269, 2.987804878048781
494,-0.13671875, -0.42626953125, -0.875, -33.23170731707317, -5.548780487804878, 3.5975609756097566
496,-0.1142578125, -0.34765625, -0.8525390625, -37.07317073170732, 1.8902439024390245, 0.426829268292683
498,-0.1103515625, -0.2880859375, -0.81201171875, -48.29268292682927, 7.134146341463415, -4.390243902439025
500,-0.11279296875, -0.2421875, -0.79248046875, -58.47560975609757, 8.78048780487805, -9.146341463414634
502,-0.1103515625, -0.3564453125, -0.9306640625, -92.6219512195122, -8.353658536585366, 13.353658536585368
504,-0.0947265625, -0.43798828125, -1.03369140625, -80.79268292682927, 1.524390243902439, 10.30487804878049
506,-0.1025390625, -0.373046875, -1.0166015625, -68.23170731707317, 14.26829268292683, -0.6707317073170732
508,-0.1162109375, -0.26171875, -0.93701171875, -71.89024390243902, 29.512195121951223, -5.853658536585367
510,-0.138671875, -0.17919921875, -0.88037109375, -86.34146341463415, 27.5609756097561, -11.951219512195124
512,-0.15771484375, -0.1455078125, -0.96923828125, -119.87804878048782, -4.573170731707317, -0.3658536585365854
514,-0.087890625, -0.31494140625, -1.20263671875, -83.71951219512196, 9.390243902439025, 8.414634146341465
516,-0.138671875, -0.1533203125, -1.12548828125, -62.560975609756106, 23.78048780487805, -2.439024390243903
518,-0.17431640625, -0.07861328125, -1.078125, -68.59756097560977, 25.54878048780488, -9.695121951219512
520,-0.251953125, 0.03369140625, -1.01953125, -83.17073170731707, 12.682926829268293, -14.451219512195124
522,-0.1953125, -0.0263671875, -1.048828125, -92.92682926829269, -9.51219512195122, -4.634146341463415
524,-0.08935546875, -0.109375, -1.1396484375, -83.53658536585367, -15.060975609756099, 2.8658536585365857
526,-0.05859375, -0.1513671875, -1.1708984375, -63.90243902439025, 4.146341463414634, -3.8414634146341466
528,-0.0654296875, -0.1044921875, -1.14208984375, -49.32926829268293, 13.475609756097562, -4.51219512195122
530,-0.08837890625, -0.0126953125, -1.12158203125, -41.21951219512196, 22.743902439024392, -6.036585365853659
532,-0.1435546875, 0.05859375, -1.091796875, -44.32926829268293, 21.76829268292683, -6.7682926829268295
534,-0.16259765625, 0.095703125, -1.07958984375, -46.646341463414636, 19.939024390243905, -8.292682926829269
536,-0.18212890625, 0.087890625, -1.09619140625, -52.926829268292686, 10.24390243902439, -8.963414634146343
538,-0.1650390625, 0.04638671875, -1.10791015625, -51.82926829268293, 0.9146341463414634, -4.634146341463415
540,-0.08935546875, -0.03564453125, -1.19287109375, -37.743902439024396, -2.8658536585365857, -0.06097560975609757
542,-0.07568359375, -0.06884765625, -1.220703125, -22.743902439024392, 1.4634146341463417, 2.25609756097561
544,-0.0712890625, -0.064453125, -1.23388671875, -7.560975609756098, 8.597560975609756, 0.5487804878048781
546,-0.1103515625, -0.0048828125, -1.2021484375, 7.987804878048781, 15.121951219512196, -3.780487804878049
548,-0.1396484375, 0.03173828125, -1.15771484375, 12.439024390243903, 12.500000000000002, -1.7682926829268295
550,-0.12255859375, 0.0166015625, -1.162109375, 19.207317073170735, 4.51219512195122, 2.6219512195121952
552,-0.1162109375, -0.0224609375, -1.20068359375, 25.914634146341466, 2.0121951219512195, 2.1951219512195124
554,-0.1240234375, -0.0927734375, -1.24267578125, 36.58536585365854, -0.7926829268292683, 6.585365853658537
556,-0.14599609375, -0.1240234375, -1.26171875, 109.32926829268294, 5.7926829268292686, 18.170731707317074
558,-0.19677734375, -0.09326171875, -1.11767578125, 117.01219512195122, -30.182926829268297, 1.707317073170732
560,-0.041015625, -0.25634765625, -1.1904296875, 128.41463414634148, -40.54878048780488, 18.902439024390244
562,-0.0302734375, -0.27685546875, -1.20703125, 139.32926829268294, -34.146341463414636, 17.743902439024392
564,-0.06005859375, -0.26171875, -1.14208984375, 152.31707317073173, -17.621951219512198, 13.536585365853659
566,-0.1259765625, -0.15234375, -0.951171875, 144.75609756097563, -4.024390243902439, 1.7682926829268295
568,-0.1064453125, -0.13916015625, -0.8857421875, 129.20731707317074, -6.219512195121951, 0.1829268292682927
570,-0.103515625, -0.140625, -0.833984375, 117.43902439024392, -5.914634146341464, -5.548780487804878
572,-0.15478515625, -0.24267578125, -0.857421875, 89.32926829268294, -5.7926829268292686, -7.926829268292684
574,-0.18603515625, -0.31689453125, -0.86328125, 80.2439024390244, -11.463414634146343, -4.451219512195122
576,-0.19140625, -0.310546875, -0.8388671875, 77.37804878048782, -4.695121951219512, -1.4634146341463417
578,-0.1630859375, -0.3037109375, -0.77294921875, 65.48780487804879, -0.6097560975609757, -3.4756097560975614
580,-0.14013671875, -0.30224609375, -0.72998046875, 49.268292682926834, 0.6097560975609757, -4.878048780487806
582,-0.12158203125, -0.298828125, -0.68896484375, 30.121951219512198, 6.2804878048780495, -5.609756097560976
584,-0.09521484375, -0.31982421875, -0.6865234375, 13.170731707317074, 14.878048780487806, -6.646341463414635
586,-0.1083984375, -0.33349609375, -0.70849609375, -1.2804878048780488, 25.914634146341466, -9.878048780487806
588,-0.140625, -0.3779296875, -0.7265625, -11.951219512195124, 23.475609756097562, -6.890243902439025
590,-0.18359375, -0.43701171875, -0.80322265625, -20.48780487804878, 8.536585365853659, 8.048780487804878
592,-0.1591796875, -0.44677734375, -0.83203125, -28.902439024390247, 7.25609756097561, 0.6097560975609757
594,-0.14111328125, -0.359375, -0.8095703125, -40.0609756097561, 15.30487804878049, -7.01219512195122
596,-0.16650390625, -0.33935546875, -0.83056640625, -62.07317073170732, 3.7195121951219514, -2.987804878048781
598,-0.12353515625, -0.3515625, -0.927734375, -78.41463414634147, -10.670731707317074, 5.914634146341464
600,-0.1142578125, -0.2841796875, -0.92822265625, -82.6829268292683, -0.6097560975609757, 1.8902439024390245
602,-0.115234375, -0.26318359375, -0.927734375, -88.04878048780489, 4.939024390243903, -2.804878048780488
604,-0.1171875, -0.22900390625, -0.90234375, -97.7439024390244, 11.28048780487805, -7.195121951219513
606,-0.115234375, -0.13671875, -0.892578125, -104.87804878048782, 17.5609756097561, -6.890243902439025
608,-0.13671875, -0.17041015625, -0.96728515625, -130.609756097561, 2.439024390243903, -3.1707317073170733
610,-0.15771484375, -0.27490234375, -1.0673828125, -133.59756097560978, -13.414634146341465, 6.219512195121951
612,-0.126953125, -0.33935546875, -1.15673828125, -115.06097560975611, -5.609756097560976, 0.30487804878048785
614,-0.060546875, -0.29248046875, -1.11474609375, -85.60975609756099, 23.04878048780488, -5.914634146341464
616,-0.0439453125, -0.18115234375, -1.05908203125, -76.52439024390245, 37.43902439024391, -11.52439024390244
618,-0.2802734375, 0.025390625, -0.9951171875, -108.35365853658537, 12.865853658536587, -19.085365853658537
620,-0.2880859375, -0.013671875, -1.029296875, -123.10975609756099, -15.30487804878049, -16.402439024390244
622,-0.1826171875, -0.0576171875, -1.103515625, -115.79268292682927, -23.963414634146343, -9.085365853658537
624,0.0029296875, -0.11962890625, -1.201171875, -97.92682926829269, -13.04878048780488, -6.341463414634147
626,-0.18701171875, 0.03369140625, -1.17724609375, -45.1219512195122, 7.500000000000001, -4.51219512195122
628,-0.10498046875, 0.01904296875, -1.248046875, -18.414634146341466, 0.1829268292682927, -0.6707317073170732
630,-0.09814453125, 0.017578125, -1.21044921875, -6.219512195121951, 4.329268292682928, -4.390243902439025
632,-0.107421875, 0.056640625, -1.17138671875, 2.1341463414634148, 3.4756097560975614, -6.463414634146342
634,-0.126953125, 0.08447265625, -1.15283203125, 4.75609756097561, 4.329268292682928, -9.390243902439025
636,-0.10791015625, 0.0908203125, -1.11328125, 4.024390243902439, 2.5, -6.585365853658537
638,-0.07666015625, 0.0654296875, -1.09423828125, 6.219512195121951, -1.707317073170732, -0.48780487804878053
640,-0.095703125, 0.06689453125, -1.0908203125, 8.536585365853659, 1.2195121951219514, 0.5487804878048781
642,-0.095703125, 0.03857421875, -1.1162109375, 13.414634146341465, -0.7317073170731708, 4.939024390243903
644,-0.14404296875, 0.0263671875, -1.13037109375, 18.231707317073173, -0.6707317073170732, 2.9268292682926833
646,-0.16552734375, 0.0322265625, -1.1171875, 25.121951219512198, -1.829268292682927, -1.402439024390244
648,-0.15234375, 0.00341796875, -1.14111328125, 29.451219512195124, -7.25609756097561, 0.6097560975609757
650,-0.12451171875, -0.06298828125, -1.197265625, 42.987804878048784, -9.451219512195122, 5.0
652,-0.12158203125, -0.13916015625, -1.24169921875, 56.82926829268293, -11.219512195121952, 8.78048780487805
654,-0.14892578125, -0.14208984375, -1.22900390625, 85.1829268292683, -4.2682926829268295, 6.402439024390245
656,-0.1396484375, -0.1025390625, -1.18115234375, 99.32926829268294, 0.24390243902439027, 1.5853658536585367
658,-0.16796875, -0.0791015625, -1.16650390625, 104.87804878048782, -0.06097560975609757, 0.0
660,-0.17578125, -0.0888671875, -1.1455078125, 108.90243902439025, -1.829268292682927, 0.1829268292682927
662,-0.17041015625, -0.0478515625, -1.13037109375, 120.60975609756099, -7.25609756097561, 11.463414634146343
664,-0.13330078125, -0.05859375, -1.0732421875, 117.56097560975611, -7.073170731707318, 13.902439024390246
666,-0.125, -0.181640625, -1.0595703125, 121.09756097560977, -10.914634146341465, 6.097560975609756
668,-0.1162109375, -0.26708984375, -1.02392578125, 113.47560975609757, -10.060975609756099, -9.02439024390244
670,-0.0947265625, -0.21240234375, -0.984375, 116.52439024390245, -8.109756097560977, -11.036585365853659
672,-0.08447265625, -0.13134765625, -0.94140625, 104.69512195121952, 5.060975609756098, -3.536585365853659
674,-0.06787109375, -0.17138671875, -0.86279296875, 79.14634146341464, 10.975609756097562, 4.329268292682928
676,-0.1142578125, -0.2353515625, -0.880859375, 66.89024390243902, 6.2804878048780495, 10.548780487804878
678,-0.177734375, -0.30859375, -0.9248046875, 54.69512195121952, 0.0, 15.121951219512196
680,-0.2109375, -0.33251953125, -0.92724609375, 51.40243902439025, -2.0121951219512195, 10.30487804878049
682,-0.17041015625, -0.3388671875, -0.88623046875, 46.15853658536586, -1.7682926829268295, 5.548780487804878
684,-0.146484375, -0.3173828125, -0.82470703125, 28.780487804878053, 13.963414634146343, -2.987804878048781
686,-0.1494140625, -0.3486328125, -0.828125, 25.670731707317074, 14.756097560975611, -1.8902439024390245
688,-0.17822265625, -0.36962890625, -0.82666015625, 17.012195121951223, 16.76829268292683, -3.780487804878049
690,-0.17919921875, -0.35546875, -0.80126953125, 12.865853658536587, 19.573170731707318, -7.195121951219513
692,-0.18994140625, -0.26025390625, -0.7373046875, -8.963414634146343, 13.414634146341465, -6.829268292682928
694,-0.2177734375, -0.2060546875, -0.728515625, -54.69512195121952, -3.963414634146342, -5.670731707317073
696,-0.22900390625, -0.18798828125, -0.736328125, -71.09756097560977, -10.0, -5.731707317073171
698,-0.1337890625, -0.34912109375, -0.89111328125, -94.93902439024392, -29.81707317073171, 9.878048780487806
700,-0.1318359375, -0.275390625, -0.97021484375, -69.87804878048782, 23.414634146341466, -4.695121951219512
702,-0.26904296875, -0.1640625, -0.94091796875, -97.37804878048782, 0.6097560975609757, -2.378048780487805
704,-0.1904296875, -0.1318359375, -1.0478515625, -106.95121951219514, -23.84146341463415, 11.463414634146343
706,-0.13671875, -0.15234375, -1.07568359375, -112.37804878048782, -21.585365853658537, 9.26829268292683
708,-0.10205078125, -0.15869140625, -1.0947265625, -112.07317073170732, -15.54878048780488, 7.073170731707318
710,-0.103515625, -0.11962890625, -1.0673828125, -106.52439024390245, -1.402439024390244, -2.6219512195121952
712,-0.13037109375, -0.04736328125, -1.05224609375, -107.25609756097562, 5.853658536585367, -7.8048780487804885
714,-0.14013671875, -0.00146484375, -1.01953125, -110.3658536585366, 7.926829268292684, -10.487804878048781
716,-0.1943359375, 0.03125, -1.0087890625, -123.78048780487806, -3.780487804878049, -7.865853658536586
718,-0.2158203125, -0.00634765625, -1.07373046875, -128.78048780487805, -11.585365853658537, -2.5
720,-0.18115234375, -0.04736328125, -1.12939453125, -125.67073170731709, -15.365853658536587, 0.24390243902439027
722,-0.1142578125, -0.10302734375, -1.20751953125, -104.51219512195122, -6.890243902439025, 1.2195121951219514
724,-0.09912109375, -0.09130859375, -1.21728515625, -88.17073170731707, 8.231707317073171, -3.9024390243902443
726,-0.14306640625, -0.06298828125, -1.22119140625, -67.8658536585366, 18.29268292682927, -2.5
728,-0.19580078125, -0.0302734375, -1.208984375, -56.89024390243903, 17.439024390243905, -2.0121951219512195
730,-0.21533203125, -0.009765625, -1.2001953125, -50.97560975609756, 18.231707317073173, -3.5975609756097566
732,-0.14990234375, 0.056640625, -1.16845703125, -26.82926829268293, 10.30487804878049, 1.524390243902439
734,-0.1083984375, 0.0849609375, -1.17236328125, -16.158536585365855, 16.951219512195124, 0.6707317073170732
736,-0.11181640625, 0.06103515625, -1.2021484375, -11.890243902439025, 20.0609756097561, 4.390243902439025
738,-0.173828125, 0.099609375, -1.15234375, 2.073170731707317, 21.951219512195124, 0.30487804878048785
740,-0.1455078125, 0.0419921875, -1.16015625, 10.548780487804878, -3.9024390243902443, -0.12195121951219513
742,-0.08349609375, -0.013671875, -1.16259765625, 35.79268292682927, 5.2439024390243905, 6.829268292682928
744,-0.08203125, -0.00732421875, -1.18115234375, 50.91463414634147, 11.402439024390246, 9.390243902439025
746,-0.12841796875, -0.060546875, -1.22705078125, 85.85365853658537, 15.853658536585368, 10.426829268292684
748,-0.13720703125, -0.0244140625, -1.1865234375, 101.28048780487806, 18.04878048780488, 2.6219512195121952
750,-0.140625, 0.00244140625, -1.1689453125, 105.48780487804879, 17.926829268292686, 0.853658536585366
752,-0.1298828125, -0.0234375, -1.12353515625, 109.45121951219514, 15.060975609756099, 11.219512195121952
754,-0.1484375, -0.0244140625, -1.1279296875, 111.70731707317074, 15.79268292682927, 9.817073170731708
756,-0.1767578125, -0.03125, -1.13037109375, 112.6219512195122, 14.329268292682928, 7.378048780487806
758,-0.24609375, -0.1337890625, -1.13818359375, 117.98780487804879, 0.0, 13.170731707317074
760,-0.26611328125, -0.1279296875, -1.14990234375, 125.3048780487805, -6.707317073170732, 10.121951219512196
762,-0.0859375, -0.1328125, -1.03173828125, 123.35365853658537, -27.25609756097561, 5.7926829268292686
764,-0.0068359375, -0.18017578125, -0.9853515625, 116.70731707317074, -23.78048780487805, 4.085365853658537
766,0.0361328125, -0.236328125, -0.95166015625, 107.37804878048782, -8.658536585365855, 2.1341463414634148
768,-0.00390625, -0.267578125, -0.9580078125, 101.52439024390245, -1.707317073170732, 1.7682926829268295
770,-0.0869140625, -0.2783203125, -0.9462890625, 97.25609756097562, 6.158536585365854, -2.073170731707317
772,-0.1884765625, -0.3330078125, -0.95751953125, 90.60975609756099, 1.0365853658536586, -4.451219512195122
774,-0.17724609375, -0.3330078125, -0.9345703125, 87.8048780487805, -4.939024390243903, -0.426829268292683
776,-0.0537109375, -0.314453125, -0.84130859375, 68.17073170731707, 0.5487804878048781, 6.036585365853659
778,-0.14111328125, -0.3505859375, -0.7998046875, 33.29268292682927, 12.865853658536587, 6.2804878048780495
780,-0.169921875, -0.33740234375, -0.76318359375, 12.195121951219512, 14.756097560975611, -2.1951219512195124
782,-0.203125, -0.30810546875, -0.76220703125, -0.426829268292683, 8.963414634146343, -1.2804878048780488
784,-0.236328125, -0.30908203125, -0.7646484375, -25.0609756097561, -5.182926829268293, -1.1585365853658538
786,-0.24609375, -0.30126953125, -0.77978515625, -45.0609756097561, -16.463414634146343, -0.1829268292682927
788,-0.23095703125, -0.28857421875, -0.7763671875, -53.35365853658537, -20.426829268292686, -0.24390243902439027
790,-0.15673828125, -0.26904296875, -0.7734375, -68.29268292682927, -23.53658536585366, -3.536585365853659
792,-0.1083984375, -0.30908203125, -0.80712890625, -79.32926829268294, -22.743902439024392, -1.524390243902439
794,-0.07373046875, -0.35986328125, -0.85595703125, -85.54878048780489, -12.621951219512196, 4.573170731707317
796,-0.0517578125, -0.40478515625, -0.90673828125, -83.71951219512196, -3.1097560975609757, 9.573170731707318
798,-0.08154296875, -0.3662109375, -0.93701171875, -76.64634146341464, 10.121951219512196, 4.878048780487806
800,-0.14013671875, -0.27685546875, -0.9375, -78.29268292682927, 14.695121951219514, 2.3170731707317076
802,-0.21826171875, -0.1884765625, -0.91943359375, -87.8658536585366, 11.402439024390246, 2.378048780487805
804,-0.314453125, -0.072265625, -0.9111328125, -115.48780487804879, -5.0, -1.2804878048780488
806,-0.31201171875, -0.07177734375, -0.9345703125, -131.34146341463415, -16.82926829268293, 0.7926829268292683
808,-0.22998046875, -0.09423828125, -0.970703125, -139.57317073170734, -28.170731707317074, 5.121951219512195
810,-0.099609375, -0.21484375, -1.0751953125, -136.03658536585368, -23.170731707317074, 6.646341463414635
812,-0.09765625, -0.24951171875, -1.13623046875, -125.06097560975611, -8.719512195121952, -0.1829268292682927
814,-0.1162109375, -0.25439453125, -1.1435546875, -116.70731707317074, -3.658536585365854, -0.9146341463414634
816,-0.16845703125, -0.1298828125, -1.09423828125, -98.84146341463415, 7.378048780487806, -5.365853658536586
818,-0.15283203125, 0.10791015625, -0.99365234375, -126.58536585365854, 11.76829268292683, -12.987804878048781
820,-0.18017578125, 0.05517578125, -1.1064453125, -133.1707317073171, -12.378048780487806, 10.914634146341465
822,-0.18994140625, 0.04052734375, -1.16064453125, -127.6829268292683, -5.426829268292684, 3.7195121951219514
824,-0.22705078125, 0.046875, -1.19921875, -116.46341463414635, 6.2804878048780495, -9.085365853658537
826,-0.1875, 0.07568359375, -1.2060546875, -80.67073170731707, 10.853658536585368, -9.451219512195122
828,-0.14111328125, 0.037109375, -1.29296875, -49.63414634146342, 1.2195121951219514, 11.402439024390246
830,-0.14208984375, 0.0888671875, -1.31298828125, -15.731707317073171, 19.573170731707318, 2.378048780487805
832,-0.17041015625, 0.15576171875, -1.224609375, 1.9512195121951221, 26.34146341463415, 2.1951219512195124
834,-0.17431640625, 0.20068359375, -1.1787109375, 12.195121951219512, 17.5, 4.024390243902439
836,-0.1396484375, 0.208984375, -1.169921875, 15.365853658536587, 14.02439024390244, 3.414634146341464
838,-0.1376953125, 0.1435546875, -1.17578125, 30.182926829268297, 12.439024390243903, 7.8048780487804885
840,-0.140625, 0.171875, -1.10498046875, 38.04878048780488, 15.853658536585368, 2.6219512195121952
842,-0.1689453125, 0.21240234375, -1.0517578125, 37.31707317073171, 15.000000000000002, 1.402439024390244
844,-0.17333984375, 0.23486328125, -1.02880859375, 30.0609756097561, 5.2439024390243905, 1.6463414634146343
846,-0.1748046875, 0.18408203125, -1.05615234375, 25.426829268292686, -3.1707317073170733, 5.487804878048781
848,-0.16357421875, 0.1181640625, -1.091796875, 27.621951219512198, -6.7682926829268295, 7.987804878048781
850,-0.12744140625, -0.02685546875, -1.1806640625, 46.82926829268293, -7.01219512195122, 12.256097560975611
852,-0.099609375, -0.0595703125, -1.2021484375, 69.32926829268293, 2.7439024390243905, 12.317073170731708
854,-0.21435546875, 0.041015625, -1.12158203125, 108.17073170731709, 7.926829268292684, 13.841463414634148
856,-0.23095703125, 0.01416015625, -1.1259765625, 109.63414634146342, 0.5487804878048781, 14.390243902439027
858,-0.21435546875, -0.029296875, -1.10986328125, 114.69512195121952, -9.146341463414634, 20.54878048780488
860,-0.20556640625, -0.06494140625, -1.12548828125, 126.15853658536587, -19.695121951219512, 28.292682926829272
862,-0.21875, -0.0380859375, -1.115234375, 129.69512195121953, -32.987804878048784, 32.19512195121951
864,-0.13330078125, -0.0263671875, -1.03564453125, 119.32926829268294, -9.02439024390244, -0.7317073170731708
866,-0.1591796875, -0.08935546875, -1.01806640625, 111.40243902439025, -6.829268292682928, -1.3414634146341464
868,-0.1767578125, -0.095703125, -0.9912109375, 103.47560975609757, -4.634146341463415, -6.219512195121951
870,-0.18701171875, -0.14404296875, -0.99267578125, 93.96341463414635, -7.073170731707318, -7.926829268292684
872,-0.1806640625, -0.19287109375, -0.984375, 88.29268292682927, -10.426829268292684, -7.317073170731708
874,-0.15673828125, -0.2255859375, -0.9833984375, 79.45121951219512, -10.182926829268293, -9.634146341463415
876,-0.18505859375, -0.27978515625, -0.97119140625, 78.84146341463415, -10.426829268292684, -9.26829268292683
878,-0.1884765625, -0.2451171875, -0.90234375, 74.26829268292684, -4.146341463414634, -15.243902439024392
880,-0.1201171875, -0.26416015625, -0.78955078125, 36.34146341463415, -2.5, -7.195121951219513
882,-0.1162109375, -0.2734375, -0.78271484375, 29.75609756097561, 4.024390243902439, -8.78048780487805
884,-0.09375, -0.298828125, -0.78173828125, 19.939024390243905, 24.085365853658537, -15.182926829268293
886,-0.099609375, -0.3193359375, -0.79833984375, 11.76829268292683, 26.76829268292683, -14.390243902439027
888,-0.1318359375, -0.33154296875, -0.8115234375, 3.048780487804878, 21.402439024390247, -8.292682926829269
890,-0.162109375, -0.3291015625, -0.79248046875, -18.29268292682927, 12.500000000000002, -4.390243902439025
892,-0.1865234375, -0.21240234375, -0.82470703125, -87.7439024390244, 2.5, -3.414634146341464
894,-0.20166015625, -0.2861328125, -0.93798828125, -105.91463414634147, -19.75609756097561, 9.390243902439025
896,-0.1611328125, -0.34765625, -1.02880859375, -97.7439024390244, -18.597560975609756, 11.219512195121952
898,-0.123046875, -0.29638671875, -1.048828125, -83.84146341463415, -5.487804878048781, -0.30487804878048785
900,-0.1474609375, -0.20263671875, -1.005859375, -86.95121951219512, 2.987804878048781, -2.073170731707317
902,-0.1533203125, -0.1064453125, -0.958984375, -91.76829268292684, 5.670731707317073, -4.75609756097561
904,-0.16650390625, -0.05419921875, -0.9248046875, -100.1219512195122, 7.926829268292684, -8.109756097560977
906,-0.15966796875, 0.052734375, -0.90478515625, -126.82926829268294, 6.158536585365854, -12.317073170731708
908,-0.13232421875, 0.00537109375, -0.9833984375, -139.9390243902439, -7.926829268292684, -3.7195121951219514
910,-0.1220703125, -0.1484375, -1.14892578125, -139.39024390243904, -21.097560975609756, 13.414634146341465
912,-0.1318359375, -0.1728515625, -1.19775390625, -120.97560975609757, -5.487804878048781, 2.987804878048781
914,-0.15966796875, -0.10693359375, -1.16748046875, -96.82926829268294, 10.0, -3.414634146341464
916,-0.1396484375, 0.06689453125, -1.0751953125, -91.40243902439025, 21.76829268292683, -8.231707317073171
918,-0.14013671875, 0.1669921875, -1.04150390625, -98.84146341463415, 30.0609756097561, -16.402439024390244
920,-0.24853515625, 0.13818359375, -1.083984375, -117.19512195121952, 3.780487804878049, -4.51219512195122
922,-0.24560546875, 0.095703125, -1.1552734375, -111.52439024390245, -9.329268292682928, -7.8048780487804885
924,-0.2099609375, 0.0673828125, -1.19482421875, -102.6219512195122, -8.109756097560977, -15.182926829268293
926,-0.17822265625, 0.0634765625, -1.1748046875, -92.92682926829269, -7.195121951219513, -12.682926829268293
928,-0.14306640625, 0.0712890625, -1.24169921875, -31.646341463414636, 20.182926829268293, -0.9146341463414634
930,-0.17138671875, 0.08544921875, -1.23388671875, -18.902439024390244, 22.25609756097561, -0.06097560975609757
932,-0.17236328125, 0.14892578125, -1.189453125, 4.390243902439025, 20.731707317073173, 2.5609756097560976
934,-0.17919921875, 0.16064453125, -1.16357421875, 6.829268292682928, 18.963414634146343, 0.7926829268292683
936,-0.1279296875, 0.1279296875, -1.19482421875, 21.585365853658537, 6.890243902439025, 6.7682926829268295
938,-0.07861328125, 0.07763671875, -1.244140625, 31.219512195121954, 5.182926829268293, 10.670731707317074
940,-0.0380859375, 0.021484375, -1.27587890625, 57.37804878048781, 15.609756097560977, 11.829268292682928
942,-0.064453125, 0.0517578125, -1.2548828125, 71.82926829268294, 22.865853658536587, 10.182926829268293
944,-0.17626953125, 0.11865234375, -1.1279296875, 90.3658536585366, 4.329268292682928, 8.292682926829269
946,-0.150390625, 0.01611328125, -1.150390625, 92.8658536585366, -5.0, 12.256097560975611
948,-0.12255859375, -0.0654296875, -1.201171875, 107.7439024390244, -8.902439024390244, 15.975609756097562
950,-0.1201171875, -0.0751953125, -1.1953125, 119.75609756097562, -5.182926829268293, 10.914634146341465
952,-0.1259765625, -0.00244140625, -1.1357421875, 126.03658536585367, -2.5609756097560976, -2.25609756097561
954,-0.111328125, 0.0224609375, -1.07470703125, 117.19512195121952, -6.7682926829268295, 0.426829268292683
956,-0.109375, 0.052734375, -1.0341796875, 107.31707317073172, -13.353658536585368, 5.548780487804878
958,-0.0732421875, 0.00634765625, -1.01953125, 94.20731707317074, -19.695121951219512, 8.963414634146343
960,-0.05517578125, -0.0654296875, -1.0576171875, 84.14634146341464, -25.670731707317074, 12.682926829268293
962,-0.1572265625, -0.240234375, -1.05908203125, 109.63414634146342, -12.378048780487806, -10.792682926829269
964,-0.08740234375, -0.0908203125, -0.8740234375, 92.92682926829269, -0.853658536585366, 8.719512195121952
966,-0.18359375, -0.19873046875, -0.88330078125, 60.60975609756098, -4.207317073170732, 13.78048780487805
968,-0.2041015625, -0.2216796875, -0.88818359375, 58.963414634146346, -5.182926829268293, 12.439024390243903
970,-0.2001953125, -0.24853515625, -0.91357421875, 53.65853658536586, -5.0, 7.195121951219513
972,-0.19384765625, -0.24072265625, -0.87646484375, 48.963414634146346, -0.6707317073170732, 1.1585365853658538
974,-0.14404296875, -0.205078125, -0.81005859375, 39.69512195121951, 5.731707317073171, 0.30487804878048785
976,-0.146484375, -0.2001953125, -0.77587890625, 15.30487804878049, 12.74390243902439, 1.4634146341463417
978,-0.1943359375, -0.24951171875, -0.794921875, 1.707317073170732, 15.000000000000002, -1.0365853658536586
980,-0.24462890625, -0.26904296875, -0.83203125, -12.073170731707318, 9.756097560975611, -3.9024390243902443
982,-0.23828125, -0.287109375, -0.82080078125, -18.84146341463415, 4.51219512195122, -3.353658536585366
984,-0.20849609375, -0.29736328125, -0.83935546875, -22.621951219512198, -2.378048780487805, -1.707317073170732
986,-0.1728515625, -0.3427734375, -0.87109375, -27.073170731707318, -8.414634146341465, 2.25609756097561
988,-0.1337890625, -0.35107421875, -0.8916015625, -24.695121951219516, 0.0, -0.7317073170731708
990,-0.119140625, -0.31640625, -0.875, -26.89024390243903, 7.865853658536586, -3.658536585365854
992,-0.1328125, -0.28173828125, -0.8828125, -32.25609756097561, 11.341463414634147, -3.1707317073170733
994,-0.1630859375, -0.23291015625, -0.88037109375, -42.43902439024391, 12.073170731707318, -3.2926829268292686
996,-0.19140625, -0.20263671875, -0.86962890625, -51.707317073170735, 13.29268292682927, -8.231707317073171
998,-0.279296875, -0.10009765625, -0.83203125, -73.59756097560977, 5.0, -12.682926829268293
1000,-0.3154296875, -0.03759765625, -0.841796875, -112.98780487804879, -33.109756097560975, -5.548780487804878
1002,-0.1591796875, -0.22119140625, -1.18115234375, -86.76829268292684, 15.975609756097562, -10.24390243902439
1004,-0.27490234375, 0.1455078125, -1.005859375, -99.02439024390245, -2.3170731707317076, -4.75609756097561
1006,-0.2373046875, 0.15771484375, -1.01806640625, -112.01219512195122, -14.51219512195122, -1.1585365853658538
1008,-0.20361328125, 0.12841796875, -1.04150390625, -113.41463414634147, -19.81707317073171, 1.829268292682927
1010,-0.1708984375, 0.1171875, -1.08837890625, -112.92682926829269, -20.0, 1.2804878048780488
1012,-0.15869140625, 0.04443359375, -1.1875, -107.13414634146342, -11.52439024390244, -5.426829268292684
1014,-0.1787109375, 0.0263671875, -1.21484375, -95.54878048780489, -6.707317073170732, -4.329268292682928
1016,-0.1796875, 0.05859375, -1.205078125, -72.31707317073172, 1.0975609756097562, -5.2439024390243905
1018,-0.2001953125, 0.05322265625, -1.18408203125, -60.91463414634147, 6.158536585365854, -6.829268292682928
1020,-0.14208984375, 0.07373046875, -1.18505859375, -30.914634146341466, 16.70731707317073, -4.146341463414634
1022,-0.14892578125, 0.09814453125, -1.17919921875, -19.32926829268293, 24.146341463414636, -5.487804878048781
1024,-0.171875, 0.0927734375, -1.1689453125, -13.353658536585368, 22.621951219512198, -3.353658536585366
1026,-0.18896484375, 0.109375, -1.16748046875, -6.646341463414635, 21.158536585365855, -2.6219512195121952
1028,-0.21142578125, 0.12060546875, -1.154296875, -3.1707317073170733, 17.439024390243905, -1.829268292682927
1030,-0.22705078125, 0.1494140625, -1.13623046875, 0.48780487804878053, 8.536585365853659, -0.9756097560975611
1032,-0.197265625, 0.15625, -1.12158203125, 1.0365853658536586, 2.9268292682926833, -1.8902439024390245
1034,-0.1787109375, 0.138671875, -1.11767578125, 1.707317073170732, -0.7926829268292683, -0.3658536585365854
1036,-0.15380859375, 0.0986328125, -1.142578125, 7.926829268292684, -2.987804878048781, 2.682926829268293
1038,-0.12353515625, 0.06689453125, -1.16943359375, 48.90243902439025, 15.914634146341465, 12.378048780487806
1040,-0.158203125, 0.03076171875, -1.1953125, 71.15853658536587, 22.865853658536587, 14.451219512195124
1042,-0.19482421875, 0.06884765625, -1.16015625, 80.85365853658537, 25.54878048780488, 12.134146341463415
1044,-0.1806640625, 0.04736328125, -1.1484375, 85.3658536585366, 19.695121951219512, 16.219512195121954
1046,-0.14501953125, 0.02294921875, -1.1318359375, 93.71951219512196, 16.158536585365855, 17.012195121951223
1048,-0.1357421875, -0.00927734375, -1.1435546875, 95.60975609756099, 14.634146341463415, 19.085365853658537
1050,-0.13037109375, -0.00634765625, -1.11767578125, 104.14634146341464, 16.70731707317073, 13.170731707317074
1052,-0.16748046875, -0.009765625, -1.08642578125, 103.17073170731709, 15.79268292682927, 10.060975609756099
1054,-0.208984375, 0.021484375, -1.0380859375, 98.17073170731709, 10.30487804878049, 13.414634146341465
1056,-0.21923828125, 0.01416015625, -1.01806640625, 90.3658536585366, 4.939024390243903, 10.121951219512196
1058,-0.232421875, -0.0087890625, -1.01025390625, 82.43902439024392, -0.853658536585366, 7.987804878048781
1060,-0.1669921875, -0.0537109375, -0.97802734375, 74.14634146341464, -10.30487804878049, 12.378048780487806
1062,-0.1396484375, -0.068359375, -0.94677734375, 69.93902439024392, -10.121951219512196, 12.74390243902439
1064,-0.13671875, -0.08984375, -0.9541015625, 60.85365853658537, -8.597560975609756, 12.621951219512196
1066,-0.14404296875, -0.10791015625, -1.0029296875, 53.23170731707317, -5.975609756097562, 5.609756097560976
1068,-0.189453125, -0.15234375, -1.00146484375, 51.524390243902445, -6.463414634146342, 2.1951219512195124
1070,-0.1953125, -0.14990234375, -1.01171875, 50.426829268292686, -8.719512195121952, 8.170731707317074
1072,-0.1767578125, -0.24853515625, -1.0537109375, 52.6829268292683, -14.146341463414636, 15.243902439024392
1074,-0.134765625, -0.26318359375, -1.0693359375, 62.25609756097562, -7.926829268292684, 14.02439024390244
1076,-0.1455078125, -0.29736328125, -1.072265625, 68.35365853658537, 2.8658536585365857, 8.536585365853659
1078,-0.18994140625, -0.24072265625, -0.9619140625, 73.59756097560977, 10.609756097560977, -14.634146341463415
1080,-0.1201171875, -0.24658203125, -0.8583984375, 46.15853658536586, 7.926829268292684, -0.6097560975609757
1082,-0.1337890625, -0.28759765625, -0.88330078125, 42.37804878048781, 6.585365853658537, 1.707317073170732
1084,-0.15869140625, -0.34033203125, -0.9033203125, 38.65853658536586, 6.463414634146342, 4.024390243902439
1086,-0.1865234375, -0.34619140625, -0.87939453125, 38.59756097560976, 13.414634146341465, -2.7439024390243905
1088,-0.19189453125, -0.3193359375, -0.853515625, 33.35365853658537, 17.195121951219512, -9.085365853658537
1090,-0.18701171875, -0.236328125, -0.77001953125, 17.804878048780488, 18.170731707317074, -12.01219512195122
1092,-0.22021484375, -0.16552734375, -0.689453125, -29.451219512195124, 0.6097560975609757, -7.317073170731708
1094,-0.2158203125, -0.18212890625, -0.71923828125, -92.8048780487805, -34.93902439024391, -4.51219512195122
1096,-0.0380859375, -0.36279296875, -0.94873046875, -98.96341463414635, -31.03658536585366, 8.719512195121952
1098,-0.02734375, -0.41015625, -1.0185546875, -89.08536585365854, -13.536585365853659, 4.085365853658537
1100,-0.052734375, -0.35888671875, -1.025390625, -74.57317073170732, 14.207317073170733, -3.7195121951219514
1102,-0.1396484375, -0.29833984375, -0.99560546875, -71.82926829268294, 20.79268292682927, -5.670731707317073
1104,-0.29931640625, -0.08740234375, -0.89208984375, -92.25609756097562, 10.670731707317074, -9.756097560975611
1106,-0.35693359375, 0.04931640625, -0.84423828125, -118.41463414634147, -8.170731707317074, -16.82926829268293
1108,-0.24609375, 0.03271484375, -0.88037109375, -147.37804878048783, -31.09756097560976, -10.548780487804878
1110,-0.08837890625, -0.04345703125, -0.990234375, -154.81707317073173, -38.90243902439025, -0.6097560975609757
1112,-0.06640625, -0.2626953125, -1.29833984375, -89.26829268292684, 18.04878048780488, 0.12195121951219513
1114,-0.283203125, 0.037109375, -1.091796875, -67.25609756097562, 29.39024390243903, -9.878048780487806
1116,-0.29150390625, 0.1240234375, -1.0673828125, -76.21951219512196, 13.231707317073171, -10.24390243902439
1118,-0.26513671875, 0.12109375, -1.11474609375, -86.64634146341464, 0.12195121951219513, -9.146341463414634
1120,-0.17919921875, -0.00048828125, -1.2041015625, -84.87804878048782, -15.426829268292684, -1.0365853658536586
1122,-0.10693359375, -0.08984375, -1.28271484375, -64.69512195121952, -9.451219512195122, -1.8902439024390245
1124,-0.06201171875, -0.0908203125, -1.2724609375, -41.646341463414636, 7.378048780487806, -7.560975609756098
1126,-0.0693359375, -0.0009765625, -1.18017578125, -20.853658536585368, 20.54878048780488, -6.219512195121951
1128,-0.1044921875, 0.06396484375, -1.1455078125, -17.073170731707318, 24.390243902439025, -6.951219512195123
1130,-0.1767578125, 0.1279296875, -1.1015625, -19.573170731707318, 22.621951219512198, -5.487804878048781
1132,-0.19189453125, 0.14306640625, -1.0966796875, -20.853658536585368, 16.76829268292683, -6.646341463414635
1134,-0.18408203125, 0.0966796875, -1.10546875, -25.792682926829272, 6.341463414634147, -3.231707317073171
1136,-0.16455078125, 0.0791015625, -1.1259765625, -20.48780487804878, 3.048780487804878, -2.5609756097560976
1138,-0.15185546875, 0.09033203125, -1.11376953125, -16.76829268292683, 3.780487804878049, -4.573170731707317
1140,-0.1787109375, 0.1328125, -1.10302734375, -10.365853658536587, 2.7439024390243905, -8.597560975609756
1142,-0.2021484375, 0.08203125, -1.13720703125, -7.439024390243903, -3.048780487804878, -6.463414634146342
1144,-0.1865234375, 0.0595703125, -1.1474609375, 1.8902439024390245, -5.975609756097562, -2.5609756097560976
1146,-0.150390625, 0.044921875, -1.14306640625, 11.097560975609756, -4.75609756097561, -0.1829268292682927
1148,-0.14501953125, 0.06005859375, -1.16064453125, 25.426829268292686, 0.7317073170731708, -1.7682926829268295
1150,-0.12353515625, 0.060546875, -1.1533203125, 33.59756097560976, 2.5609756097560976, -0.426829268292683
1152,-0.15380859375, -0.03466796875, -1.2451171875, 92.8048780487805, 13.414634146341465, 1.9512195121951221
1154,-0.1953125, 0.017578125, -1.14013671875, 99.93902439024392, 9.146341463414634, 1.1585365853658538
1156,-0.20703125, 0.01953125, -1.103515625, 99.20731707317074, 1.3414634146341464, 4.207317073170732
1158,-0.20068359375, -0.0302734375, -1.1298828125, 98.17073170731709, -7.25609756097561, 8.78048780487805
1160,-0.13232421875, -0.14013671875, -1.0791015625, 109.63414634146342, -16.82926829268293, 6.463414634146342
1162,-0.08642578125, -0.14208984375, -1.044921875, 109.39024390243904, -13.109756097560977, 5.3048780487804885
1164,-0.046875, -0.11376953125, -0.98681640625, 107.31707317073172, -1.2195121951219514, 1.0365853658536586
1166,-0.05615234375, -0.11328125, -0.9462890625, 100.2439024390244, 6.158536585365854, -0.7317073170731708
1168,-0.1669921875, -0.15869140625, -0.91943359375, 83.47560975609757, 5.182926829268293, 3.231707317073171
1170,-0.19921875, -0.19775390625, -0.9423828125, 78.47560975609757, -0.7926829268292683, 6.036585365853659
1172,-0.19091796875, -0.2568359375, -0.978515625, 76.70731707317074, -5.0, 7.378048780487806
1174,-0.16357421875, -0.271484375, -0.96630859375, 77.98780487804879, -0.6707317073170732, 2.25609756097561
1176,-0.16064453125, -0.2626953125, -0.9501953125, 76.09756097560977, 2.7439024390243905, -0.426829268292683
1178,-0.1484375, -0.24951171875, -0.91650390625, 68.04878048780489, 4.817073170731708, -2.5609756097560976
1180,-0.16162109375, -0.259765625, -0.9130859375, 61.40243902439025, 3.1097560975609757, -0.1829268292682927
1182,-0.19384765625, -0.287109375, -0.9130859375, 55.426829268292686, 1.3414634146341464, 1.7682926829268295
1184,-0.21142578125, -0.2919921875, -0.8984375, 51.34146341463415, 3.4756097560975614, -1.4634146341463417
1186,-0.216796875, -0.26806640625, -0.8486328125, 43.90243902439025, 6.707317073170732, -1.8902439024390245
1188,-0.20068359375, -0.251953125, -0.82373046875, 38.53658536585366, 7.195121951219513, -1.524390243902439
1190,-0.166015625, -0.2607421875, -0.8056640625, -4.51219512195122, 6.829268292682928, -5.2439024390243905
1192,-0.1826171875, -0.3115234375, -0.82568359375, -22.500000000000004, 4.329268292682928, -5.121951219512195
1194,-0.19580078125, -0.30322265625, -0.84912109375, -30.731707317073173, -1.8902439024390245, -5.7926829268292686
1196,-0.21044921875, -0.31494140625, -0.87451171875, -36.951219512195124, -4.573170731707317, -2.073170731707317
1198,-0.1923828125, -0.33154296875, -0.89599609375, -43.53658536585366, -5.731707317073171, 0.0
1200,-0.1416015625, -0.3359375, -0.91943359375, -43.963414634146346, -1.7682926829268295, -2.1341463414634148
1202,-0.14453125, -0.32763671875, -0.91162109375, -47.19512195121952, 2.1951219512195124, -1.5853658536585367
1204,-0.15283203125, -0.29052734375, -0.91650390625, -50.1219512195122, 5.2439024390243905, -3.231707317073171
1206,-0.16552734375, -0.26953125, -0.90966796875, -56.89024390243903, 5.975609756097562, -6.52439024390244
1208,-0.19189453125, -0.14794921875, -0.87646484375, -87.13414634146342, -4.51219512195122, -9.146341463414634
1210,-0.1796875, -0.140625, -0.89404296875, -98.17073170731709, -7.926829268292684, -8.536585365853659
1212,-0.15625, -0.14599609375, -0.91845703125, -107.6219512195122, -10.670731707317074, -7.439024390243903
1214,-0.1103515625, -0.1767578125, -0.994140625, -110.48780487804879, -10.365853658536587, -6.7682926829268295
1216,-0.1201171875, -0.22021484375, -1.07861328125, -107.6219512195122, -3.2926829268292686, -4.329268292682928
1218,-0.08447265625, -0.23828125, -1.123046875, -96.28048780487806, 3.536585365853659, -2.987804878048781
1220,-0.13330078125, -0.142578125, -1.1123046875, -85.60975609756099, 20.0609756097561, -10.182926829268293
1222,-0.15234375, -0.10205078125, -1.09130859375, -84.87804878048782, 22.012195121951223, -11.158536585365855
1224,-0.17822265625, -0.0419921875, -1.0771484375, -85.42682926829269, 23.475609756097562, -14.146341463414636
1226,-0.1845703125, 0.02587890625, -1.04296875, -95.3658536585366, 19.512195121951223, -15.670731707317074
1228,-0.21337890625, 0.01708984375, -1.07666015625, -103.90243902439025, 4.146341463414634, -15.000000000000002
1230,-0.0615234375, -0.06005859375, -1.15869140625, -84.45121951219512, -3.1097560975609757, -2.8658536585365857
1232,-0.23291015625, 0.0625, -1.1669921875, -52.37804878048781, 9.02439024390244, -3.7195121951219514
1234,-0.09521484375, 0.02392578125, -1.18994140625, -26.219512195121954, 8.658536585365855, -0.9756097560975611
1236,-0.091796875, 0.07763671875, -1.12646484375, -12.134146341463415, 17.012195121951223, -0.7317073170731708
1238,-0.07421875, 0.11767578125, -1.0986328125, -8.597560975609756, 19.81707317073171, 0.06097560975609757
1240,-0.1064453125, 0.15380859375, -1.09326171875, -8.841463414634147, 20.243902439024392, -3.7195121951219514
1242,-0.146484375, 0.11474609375, -1.10205078125, -12.80487804878049, 13.658536585365855, -1.9512195121951221
1244,-0.14794921875, 0.0419921875, -1.1474609375, -6.52439024390244, -2.0121951219512195, 7.743902439024391
1246,-0.15771484375, 0.00927734375, -1.23388671875, 8.414634146341465, -2.073170731707317, 2.3170731707317076
1248,-0.14404296875, 0.009765625, -1.22802734375, 18.78048780487805, -2.3170731707317076, 4.207317073170732
1250,-0.10595703125, -0.00341796875, -1.22509765625, 29.939024390243905, -4.817073170731708, 9.26829268292683
1252,-0.03564453125, 0.009765625, -1.1982421875, 43.65853658536586, 1.8902439024390245, 12.256097560975611
1254,-0.05859375, 0.02099609375, -1.2197265625, 51.951219512195124, -0.7317073170731708, 12.926829268292684
1256,-0.1328125, -0.03955078125, -1.25732421875, 63.84146341463415, -5.426829268292684, 16.219512195121954
1258,-0.189453125, -0.05859375, -1.2412109375, 88.35365853658537, -8.597560975609756, 3.8414634146341466
1260,-0.2001953125, -0.04443359375, -1.1953125, 95.60975609756099, -12.987804878048781, 4.329268292682928
1262,-0.17822265625, -0.04736328125, -1.1494140625, 104.39024390243904, -32.5, 22.5609756097561
1264,-0.17822265625, -0.02783203125, -1.11376953125, 106.34146341463416, -34.024390243902445, 16.52439024390244
1266,-0.1494140625, -0.17919921875, -1.13427734375, 104.51219512195122, -48.963414634146346, 8.170731707317074
1268,-0.1728515625, -0.1416015625, -0.97265625, 105.79268292682927, -30.792682926829272, 15.060975609756099
1270,-0.232421875, -0.2314453125, -0.9833984375, 99.63414634146342, -28.719512195121954, 19.146341463414636
1272,-0.30224609375, -0.30859375, -1.00732421875, 108.10975609756099, -35.609756097560975, 11.52439024390244
1274,-0.310546875, -0.36572265625, -1.0390625, 113.35365853658537, -41.890243902439025, 10.609756097560977
1276,-0.2216796875, -0.2900390625, -0.96630859375, 125.06097560975611, -33.90243902439025, -9.146341463414634
1278,-0.14208984375, -0.2734375, -0.9091796875, 123.41463414634147, -28.53658536585366, -21.097560975609756
1280,-0.1103515625, -0.1923828125, -0.84423828125, 117.6829268292683, -12.560975609756099, -18.963414634146343
1282,-0.1416015625, -0.1533203125, -0.70947265625, 80.97560975609757, 8.109756097560977, -5.609756097560976
1284,-0.3466796875, -0.27783203125, -0.7470703125, 18.10975609756098, -6.158536585365854, 4.207317073170732
1286,-0.32080078125, -0.302734375, -0.7587890625, 8.78048780487805, -3.536585365853659, -1.6463414634146343
1288,-0.2861328125, -0.322265625, -0.7705078125, 3.231707317073171, 0.853658536585366, -6.341463414634147
1290,-0.2490234375, -0.30712890625, -0.73779296875, -7.01219512195122, 13.841463414634148, -17.682926829268293
1292,-0.248046875, -0.30517578125, -0.744140625, -18.597560975609756, 14.756097560975611, -15.121951219512196
1294,-0.2587890625, -0.3662109375, -0.79248046875, -33.29268292682927, 3.1707317073170733, -4.51219512195122
1296,-0.279296875, -0.373046875, -0.806640625, -41.40243902439025, -3.780487804878049, 1.0365853658536586
1298,-0.2607421875, -0.349609375, -0.8115234375, -48.59756097560976, -1.0975609756097562, -4.146341463414634
1300,-0.1181640625, -0.33447265625, -0.845703125, -71.70731707317074, 18.78048780487805, -3.1097560975609757
1302,-0.29150390625, -0.39013671875, -0.98876953125, -57.25609756097561, 11.646341463414634, 3.963414634146342
1304,-0.30908203125, -0.29638671875, -0.91796875, -57.37804878048781, 10.548780487804878, -3.048780487804878
1306,-0.2978515625, -0.08740234375, -0.81689453125, -88.17073170731707, 0.30487804878048785, 0.24390243902439027
1308,-0.2626953125, 0.01171875, -0.80224609375, -106.76829268292684, 0.3658536585365854, 1.2195121951219514
1310,-0.13134765625, -0.18505859375, -0.9619140625, -126.09756097560977, -17.378048780487806, 19.26829268292683
1312,-0.103515625, -0.30859375, -1.1337890625, -104.45121951219514, -0.30487804878048785, 17.31707317073171
1314,-0.16552734375, -0.34716796875, -1.16943359375, -86.40243902439025, 24.207317073170735, 2.25609756097561
1316,-0.25634765625, -0.234375, -1.0830078125, -53.90243902439025, 41.646341463414636, -0.7926829268292683
1318,-0.22705078125, -0.00927734375, -0.96484375, -59.51219512195122, 51.707317073170735, -1.7682926829268295
1320,-0.236328125, 0.12109375, -0.8525390625, -93.78048780487806, 46.03658536585366, -18.475609756097562
1322,-0.283203125, 0.1572265625, -0.865234375, -109.81707317073172, 30.853658536585368, -12.865853658536587
1324,-0.3251953125, 0.12841796875, -0.94775390625, -137.25609756097563, -0.6097560975609757, 1.829268292682927
1326,-0.28955078125, -0.0126953125, -1.07177734375, -147.37804878048783, -29.08536585365854, 17.682926829268293
1328,-0.234375, -0.03857421875, -1.15869140625, -136.95121951219514, -30.182926829268297, 12.195121951219512
1330,-0.228515625, -0.0791015625, -1.2158203125, -130.3658536585366, -24.695121951219516, 6.7682926829268295
1332,-0.171875, -0.03857421875, -1.19580078125, -95.91463414634147, -1.7682926829268295, -2.5609756097560976
1334,-0.16552734375, 0.02978515625, -1.14697265625, -84.02439024390245, 15.609756097560977, -11.52439024390244
1336,-0.21484375, 0.125, -1.1162109375, -74.69512195121952, 10.182926829268293, -4.695121951219512
1338,-0.095703125, 0.04541015625, -1.22314453125, -23.353658536585368, 22.195121951219512, 1.707317073170732
1340,-0.1025390625, 0.09619140625, -1.17138671875, -12.317073170731708, 32.5609756097561, 0.853658536585366
1342,-0.1337890625, 0.1787109375, -1.0927734375, -8.292682926829269, 34.69512195121951, 3.2926829268292686
1344,-0.1826171875, 0.2041015625, -1.08349609375, -13.29268292682927, 30.365853658536587, 2.1341463414634148
1346,-0.21240234375, 0.220703125, -1.076171875, -15.000000000000002, 29.02439024390244, -2.439024390243903
1348,-0.19970703125, 0.17431640625, -1.1103515625, -20.121951219512198, 12.865853658536587, 1.0365853658536586
1350,-0.1982421875, 0.07763671875, -1.1962890625, -8.902439024390244, -0.06097560975609757, 8.231707317073171
1352,-0.17822265625, 0.05908203125, -1.2216796875, 6.2804878048780495, 3.2926829268292686, 2.682926829268293
1354,-0.16064453125, 0.06689453125, -1.232421875, 17.865853658536587, 5.853658536585367, 1.2804878048780488
1356,-0.20703125, 0.140625, -1.20654296875, 37.743902439024396, 0.48780487804878053, 1.829268292682927
1358,-0.21044921875, 0.15771484375, -1.20361328125, 48.53658536585366, -9.390243902439025, 4.085365853658537
1360,-0.19873046875, 0.13134765625, -1.22216796875, 54.75609756097561, -12.682926829268293, 3.1707317073170733
1362,-0.193359375, 0.12353515625, -1.193359375, 65.2439024390244, -12.987804878048781, -1.829268292682927
1364,-0.21435546875, 0.06103515625, -1.171875, 88.35365853658537, -16.890243902439025, -7.073170731707318
1366,-0.2197265625, -0.03173828125, -1.15478515625, 101.52439024390245, -37.6219512195122, 6.2804878048780495
1368,-0.1767578125, -0.07275390625, -1.14599609375, 113.65853658536587, -34.32926829268293, 5.426829268292684
1370,-0.1455078125, -0.05029296875, -1.0439453125, 121.76829268292684, -18.29268292682927, -2.5609756097560976
1372,-0.2294921875, -0.126953125, -1.0009765625, 120.3658536585366, -16.70731707317073, -14.146341463414636
1374,-0.22998046875, -0.13232421875, -0.92626953125, 116.40243902439025, -14.451219512195124, -18.84146341463415
1376,-0.1767578125, -0.04931640625, -0.84326171875, 113.78048780487806, -5.0, -7.560975609756098
1378,-0.109375, -0.048828125, -0.77978515625, 94.02439024390245, 3.1097560975609757, 4.146341463414634
1380,-0.12451171875, -0.08447265625, -0.826171875, 77.92682926829269, 3.4756097560975614, 9.634146341463415
1382,-0.26806640625, -0.20751953125, -0.90771484375, 64.57317073170732, -6.097560975609756, 13.04878048780488
1384,-0.35498046875, -0.27490234375, -0.93603515625, 67.6219512195122, -9.573170731707318, 6.463414634146342
1386,-0.31396484375, -0.24560546875, -0.8935546875, 67.01219512195122, -4.634146341463415, -10.121951219512196
1388,-0.26611328125, -0.20703125, -0.83642578125, 60.426829268292686, -0.853658536585366, -12.134146341463415
1390,-0.197265625, -0.169921875, -0.78271484375, 50.426829268292686, 4.817073170731708, -9.146341463414634
1392,-0.12939453125, -0.14599609375, -0.7236328125, 26.89024390243903, 16.03658536585366, -4.817073170731708
1394,-0.1806640625, -0.2001953125, -0.7802734375, 10.0, 30.487804878048784, -8.414634146341465
1396,-0.26171875, -0.2529296875, -0.8232421875, -1.7682926829268295, 32.6219512195122, -11.341463414634147
1398,-0.29541015625, -0.265625, -0.8154296875, -21.03658536585366, 8.597560975609756, -4.2682926829268295
1400,-0.23974609375, -0.21044921875, -0.8017578125, -42.13414634146342, -0.426829268292683, 2.378048780487805
1402,-0.2041015625, -0.2275390625, -0.82421875, -56.89024390243903, -5.3048780487804885, 7.743902439024391
1404,-0.15478515625, -0.22119140625, -0.8359375, -69.63414634146342, -0.12195121951219513, 7.621951219512196
1406,-0.12548828125, -0.21435546875, -0.84521484375, -80.0609756097561, 9.51219512195122, 5.609756097560976
1408,-0.125, -0.2294921875, -0.8955078125, -87.31707317073172, 18.658536585365855, 4.817073170731708
1410,-0.15576171875, -0.15576171875, -1.04052734375, -75.67073170731707, 28.59756097560976, -1.402439024390244
1412,-0.16796875, 0.07373046875, -0.9736328125, -102.98780487804879, 40.304878048780495, -11.402439024390246
1414,-0.33203125, 0.00244140625, -1.09130859375, -136.28048780487805, -1.4634146341463417, 4.207317073170732
1416,-0.349609375, -0.0458984375, -1.1376953125, -138.1707317073171, -21.82926829268293, 12.74390243902439
1418,-0.3037109375, -0.1064453125, -1.1982421875, -123.35365853658537, -30.426829268292686, 5.426829268292684
1420,-0.2626953125, -0.1162109375, -1.21533203125, -110.85365853658537, -19.390243902439025, -8.414634146341465
1422,-0.19873046875, -0.09716796875, -1.1318359375, -96.15853658536587, -6.158536585365854, -14.51219512195122
1424,-0.13525390625, -0.0068359375, -1.06494140625, -84.63414634146342, 3.8414634146341466, -12.073170731707318
1426,-0.09130859375, 0.10546875, -1.0087890625, -89.45121951219512, 17.98780487804878, -17.5
1428,-0.18896484375, 0.107421875, -1.01220703125, -95.60975609756099, 14.146341463414636, -15.731707317073171
1430,-0.2333984375, 0.10400390625, -1.01806640625, -98.90243902439025, 1.5853658536585367, -8.231707317073171
1432,-0.23388671875, 0.1162109375, -1.0380859375, -96.40243902439025, -0.7926829268292683, -6.646341463414635
1434,-0.1513671875, 0.1953125, -1.017578125, -94.51219512195122, 6.829268292682928, -12.073170731707318
1436,-0.13427734375, 0.16845703125, -1.0087890625, -96.76829268292684, 14.634146341463415, -11.036585365853659
1438,-0.14306640625, 0.19091796875, -1.04150390625, -87.6829268292683, 20.182926829268293, -7.378048780487806
1440,-0.1513671875, 0.1953125, -1.1025390625, -85.60975609756099, 20.0609756097561, -9.02439024390244
1442,-0.2109375, 0.15087890625, -1.173828125, -75.1219512195122, 12.439024390243903, -2.8658536585365857
1444,-0.18115234375, 0.16748046875, -1.1923828125, -63.71951219512196, 10.426829268292684, -2.25609756097561
1446,-0.1455078125, 0.19873046875, -1.17919921875, -49.024390243902445, 18.719512195121954, -4.451219512195122
1448,-0.126953125, 0.1953125, -1.19580078125, -40.0609756097561, 21.463414634146343, -1.707317073170732
1450,-0.12158203125, 0.1796875, -1.2392578125, -5.548780487804878, 26.158536585365855, 4.024390243902439
1452,-0.1591796875, 0.09326171875, -1.353515625, 65.91463414634147, 11.036585365853659, 17.439024390243905
1454,-0.1259765625, 0.18017578125, -1.25830078125, 91.34146341463415, 13.353658536585368, 14.634146341463415
1456,-0.1240234375, 0.1806640625, -1.2431640625, 94.32926829268294, 8.048780487804878, 18.170731707317074
1458,-0.0888671875, 0.107421875, -1.24951171875, 100.67073170731709, -3.231707317073171, 29.573170731707318
1460,-0.06640625, 0.0947265625, -1.23681640625, 119.02439024390245, 2.073170731707317, 23.29268292682927
1462,-0.11083984375, 0.09521484375, -1.212890625, 125.06097560975611, 6.219512195121951, 13.658536585365855
1464,-0.23876953125, 0.09375, -1.1201171875, 137.4390243902439, -18.597560975609756, 20.0
1466,-0.21826171875, 0.20458984375, -1.01025390625, 131.58536585365854, -18.29268292682927, 15.365853658536587
1468,-0.1708984375, 0.1953125, -0.92333984375, 109.81707317073172, -29.573170731707318, 15.426829268292684
1470,-0.18017578125, 0.1240234375, -0.9482421875, 97.01219512195122, -37.13414634146342, 18.53658536585366
1472,-0.2685546875, -0.00048828125, -1.02734375, 86.58536585365854, -38.90243902439025, 10.487804878048781
1474,-0.328125, -0.10009765625, -1.076171875, 90.3658536585366, -43.47560975609756, 2.25609756097561
1476,-0.26708984375, -0.1396484375, -1.080078125, 106.89024390243904, -53.90243902439025, -1.1585365853658538
1478,-0.10009765625, -0.07958984375, -1.04443359375, 112.31707317073172, -41.58536585365854, -0.5487804878048781
1480,-0.0322265625, -0.08203125, -0.92138671875, 102.43902439024392, -13.353658536585368, -1.5853658536585367
1482,-0.0791015625, -0.0859375, -0.875, 93.35365853658537, 4.51219512195122, -4.817073170731708
1484,-0.2080078125, -0.185546875, -0.90966796875, 74.51219512195122, 6.585365853658537, -7.317073170731708
1486,-0.28466796875, -0.26708984375, -0.9443359375, 74.14634146341464, -1.402439024390244, -5.975609756097562
1488,-0.12255859375, -0.2275390625, -0.865234375, 78.29268292682927, 7.865853658536586, -10.30487804878049
1490,-0.11767578125, -0.2255859375, -0.84033203125, 65.97560975609757, 13.78048780487805, -9.207317073170733
1492,-0.17626953125, -0.24072265625, -0.77685546875, 46.09756097560976, 17.195121951219512, -5.609756097560976
1494,-0.142578125, -0.259765625, -0.75048828125, 15.670731707317074, 26.951219512195124, -12.01219512195122
1496,-0.1904296875, -0.3291015625, -0.78857421875, -25.30487804878049, 17.5, -3.4756097560975614
1498,-0.185546875, -0.2822265625, -0.787109375, -37.926829268292686, 14.817073170731708, -0.48780487804878053
1500,-0.21484375, -0.2236328125, -0.7666015625, -68.41463414634147, 8.109756097560977, 0.6707317073170732
