index,accX,accY,accZ,gyroX,gyroY,gyroZ
1,-0.09716796875, 0.06298828125, -1.00439453125, -1.0975609756097562, 2.25609756097561, 0.30487804878048785
3,-0.08251953125, 0.04443359375, -1.00537109375, -4.695121951219512, 5.731707317073171, 2.8658536585365857
5,-0.0830078125, 0.0419921875, -0.9873046875, -2.682926829268293, 2.987804878048781, 1.1585365853658538
7,-0.08056640625, 0.03759765625, -0.986328125, -2.073170731707317, 2.5, 0.7926829268292683
9,-0.0908203125, 0.04052734375, -0.9775390625, -1.7682926829268295, 3.780487804878049, 1.402439024390244
11,-0.07958984375, 0.03857421875, -0.97412109375, 0.12195121951219513, 0.9756097560975611, -0.6707317073170732
13,-0.0849609375, 0.05078125, -0.98291015625, 0.9756097560975611, 0.30487804878048785, -1.0975609756097562
15,-0.07666015625, 0.04052734375, -0.9853515625, 0.0, 2.0121951219512195, -0.48780487804878053
17,-0.09130859375, 0.04248046875, -0.9853515625, -1.707317073170732, 3.4756097560975614, -0.06097560975609757
19,-0.09765625, 0.02783203125, -0.9765625, -3.353658536585366, 5.060975609756098, 0.5487804878048781
21,-0.0849609375, 0.0498046875, -0.98779296875, 0.30487804878048785, -0.6097560975609757, 0.1829268292682927
23,-0.07666015625, 0.037109375, -0.978515625, -0.6707317073170732, 3.353658536585366, -0.426829268292683
25,-0.0888671875, 0.04638671875, -0.99267578125, 0.426829268292683, 1.707317073170732, -1.0975609756097562
27,-0.10302734375, 0.04541015625, -1.00390625, -1.1585365853658538, 2.7439024390243905, 0.12195121951219513
29,-0.09130859375, 0.0419921875, -1.0009765625, -2.5, -0.3658536585365854, 0.48780487804878053
31,-0.08935546875, 0.05810546875, -0.99462890625, -5.670731707317073, 1.9512195121951221, 0.3658536585365854
33,-0.09423828125, 0.0546875, -0.99365234375, -8.475609756097562, 2.987804878048781, 0.7317073170731708
35,-0.099609375, 0.04736328125, -0.9833984375, -10.670731707317074, 3.536585365853659, 0.6097560975609757
37,-0.1005859375, 0.037109375, -0.9736328125, -8.78048780487805, 1.8902439024390245, 0.12195121951219513
39,-0.09619140625, 0.03955078125, -0.9775390625, -9.329268292682928, 1.6463414634146343, 2.073170731707317
41,-0.0869140625, 0.04638671875, -0.98291015625, -5.670731707317073, 0.3658536585365854, 1.402439024390244
43,-0.07861328125, 0.04931640625, -0.98046875, -4.024390243902439, 0.9146341463414634, 1.1585365853658538
45,-0.10791015625, 0.07666015625, -0.99609375, -7.439024390243903, 2.378048780487805, 2.8658536585365857
47,-0.119140625, 0.0908203125, -1.00146484375, -14.085365853658537, 2.7439024390243905, 3.048780487804878
49,-0.1328125, 0.1015625, -1.01171875, -24.75609756097561, 4.51219512195122, 4.634146341463415
51,-0.12109375, 0.0537109375, -0.96533203125, -30.670731707317074, 8.048780487804878, 5.914634146341464
53,-0.126953125, 0.09130859375, -0.97998046875, -30.914634146341466, 3.5975609756097566, 3.2926829268292686
55,-0.18115234375, 0.1474609375, -1.0185546875, -47.804878048780495, -4.024390243902439, 0.3658536585365854
57,-0.11865234375, 0.11572265625, -1.01611328125, -59.87804878048781, 7.560975609756098, 9.390243902439025
59,-0.107421875, 0.19970703125, -1.0498046875, -66.64634146341464, 20.731707317073173, 18.353658536585368
61,-0.083984375, 0.20849609375, -1.04833984375, -76.76829268292684, 22.31707317073171, 22.743902439024392
63,-0.08251953125, 0.283203125, -1.07568359375, -87.5609756097561, 18.597560975609756, 17.378048780487806
65,-0.06396484375, 0.30029296875, -1.07666015625, -100.91463414634147, 20.731707317073173, 12.256097560975611
67,-0.0048828125, 0.30224609375, -1.03564453125, -115.60975609756099, 31.09756097560976, 14.573170731707318
69,-0.00048828125, 0.2607421875, -0.9267578125, -124.32926829268294, 45.85365853658537, 24.26829268292683
71,-0.001953125, 0.26611328125, -0.88427734375, -116.46341463414635, 47.13414634146342, 25.30487804878049
73,-0.05712890625, 0.361328125, -0.91015625, -102.6829268292683, 31.951219512195124, 18.78048780487805
75,-0.05859375, 0.42138671875, -0.939453125, -108.65853658536587, 20.914634146341466, 10.487804878048781
77,0.029296875, 0.44140625, -0.89892578125, -118.41463414634147, 31.89024390243903, 17.195121951219512
79,0.03564453125, 0.4375, -0.88232421875, -117.8658536585366, 33.84146341463415, 18.04878048780488
81,0.04443359375, 0.50927734375, -0.88720703125, -112.07317073170732, 18.658536585365855, 5.670731707317073
83,0.05615234375, 0.50537109375, -0.87841796875, -114.87804878048782, 15.853658536585368, 4.390243902439025
85,0.07958984375, 0.50048828125, -0.78369140625, -121.76829268292684, 31.219512195121954, 7.195121951219513
87,0.111328125, 0.5048828125, -0.7431640625, -119.63414634146342, 37.25609756097561, 5.914634146341464
89,0.06494140625, 0.63720703125, -0.7939453125, -116.34146341463416, 26.219512195121954, -11.951219512195124
91,0.05322265625, 0.59033203125, -0.76708984375, -122.8658536585366, 31.463414634146343, -7.865853658536586
93,-0.01025390625, 0.55712890625, -0.67822265625, -92.07317073170732, 18.719512195121954, 1.829268292682927
95,0.0419921875, 0.59033203125, -0.61669921875, -52.19512195121952, -2.7439024390243905, -0.3658536585365854
97,0.0908203125, 0.5087890625, -0.5302734375, 5.426829268292684, -4.390243902439025, 0.3658536585365854
99,0.1259765625, 0.4970703125, -0.525390625, 45.0609756097561, -11.52439024390244, -1.707317073170732
101,0.12646484375, 0.51025390625, -0.55078125, 66.52439024390245, -13.353658536585368, -0.5487804878048781
103,0.1171875, 0.51171875, -0.59228515625, 101.21951219512196, -14.390243902439027, 7.439024390243903
105,0.08740234375, 0.48828125, -0.61376953125, 134.81707317073173, -15.487804878048783, 13.658536585365855
107,0.08154296875, 0.49755859375, -0.63671875, 142.6219512195122, -17.378048780487806, 20.182926829268293
109,0.0537109375, 0.50048828125, -0.689453125, 155.0, -21.402439024390247, 12.317073170731708
111,0.0732421875, 0.52392578125, -0.732421875, 158.1707317073171, -29.32926829268293, 7.926829268292684
113,0.10595703125, 0.4814453125, -0.80224609375, 158.78048780487805, -51.768292682926834, 5.0
115,0.10205078125, 0.44384765625, -0.83642578125, 161.28048780487805, -64.08536585365854, 15.731707317073171
117,0.07177734375, 0.4375, -0.8701171875, 171.89024390243904, -75.2439024390244, 9.390243902439025
119,0.04296875, 0.4521484375, -0.8955078125, 171.46341463414635, -76.89024390243902, 3.353658536585366
121,-0.0087890625, 0.51318359375, -0.9560546875, 144.02439024390245, -45.304878048780495, -8.841463414634147
123,0.01220703125, 0.458984375, -1.02392578125, 111.03658536585367, -23.04878048780488, -18.353658536585368
125,0.01025390625, 0.451171875, -1.04150390625, 106.28048780487806, -27.195121951219516, -24.573170731707318
127,-0.01318359375, 0.3740234375, -1.00244140625, 95.60975609756099, -21.158536585365855, -29.02439024390244
129,-0.00244140625, 0.29248046875, -0.94189453125, 83.29268292682927, -5.487804878048781, -18.53658536585366
131,-0.03369140625, 0.26806640625, -0.93310546875, 77.7439024390244, 3.536585365853659, -12.80487804878049
133,-0.0703125, 0.25341796875, -0.97705078125, 84.14634146341464, -6.829268292682928, -14.939024390243905
135,-0.10595703125, 0.2509765625, -1.001953125, 85.67073170731707, -13.04878048780488, -17.25609756097561
137,-0.1162109375, 0.23876953125, -1.03759765625, 76.95121951219512, -13.353658536585368, -16.03658536585366
139,-0.0771484375, 0.17626953125, -1.01513671875, 54.81707317073171, -5.975609756097562, -13.78048780487805
141,-0.1044921875, 0.15380859375, -1.03515625, 25.60975609756098, 2.6219512195121952, -12.256097560975611
143,-0.056640625, 0.06689453125, -0.95068359375, 21.76829268292683, 7.439024390243903, -12.865853658536587
145,-0.0869140625, 0.0888671875, -0.97802734375, 25.182926829268293, 4.451219512195122, -15.426829268292684
147,-0.130859375, 0.13037109375, -1.0224609375, 20.731707317073173, 0.426829268292683, -21.463414634146343
149,-0.1416015625, 0.16455078125, -1.07861328125, 0.5487804878048781, 10.853658536585368, -13.78048780487805
151,-0.146484375, 0.1767578125, -1.0888671875, -7.195121951219513, 16.52439024390244, -9.817073170731708
153,-0.13720703125, 0.1396484375, -1.03515625, -31.646341463414636, 16.28048780487805, -8.78048780487805
155,-0.12158203125, 0.1044921875, -1.009765625, -39.87804878048781, 20.182926829268293, -6.52439024390244
157,-0.119140625, 0.08056640625, -0.97265625, -41.34146341463415, 18.719512195121954, -8.170731707317074
159,-0.0703125, 0.0341796875, -0.93701171875, -33.53658536585366, 12.378048780487806, -8.536585365853659
161,-0.12060546875, 0.33447265625, -1.2685546875, -72.01219512195122, -1.7682926829268295, 1.0975609756097562
163,-0.06396484375, 0.2705078125, -1.15087890625, -119.39024390243904, 27.5609756097561, 14.939024390243905
165,-0.0029296875, 0.251953125, -1.02734375, -132.25609756097563, 27.31707317073171, 6.829268292682928
167,-0.0009765625, 0.26513671875, -0.9990234375, -125.85365853658537, 22.621951219512198, 5.7926829268292686
169,-0.03173828125, 0.30517578125, -0.98291015625, -121.95121951219514, 27.134146341463417, 13.78048780487805
171,-0.02783203125, 0.361328125, -1.0029296875, -124.51219512195124, 28.475609756097562, 15.975609756097562
173,-0.06396484375, 0.43505859375, -1.05322265625, -136.21951219512195, 24.939024390243905, 18.963414634146343
175,0.0390625, 0.18798828125, -0.6044921875, -154.63414634146343, 39.75609756097561, 20.48780487804878
177,0.06689453125, 0.412109375, -0.63525390625, -75.42682926829269, -11.76829268292683, 8.78048780487805
179,0.044921875, 0.48876953125, -0.69091796875, -64.14634146341464, -22.621951219512198, 3.5975609756097566
181,0.06103515625, 0.54541015625, -0.7294921875, -61.03658536585366, -13.841463414634148, 10.914634146341465
183,0.07666015625, 0.56591796875, -0.71240234375, -60.060975609756106, 2.378048780487805, 19.634146341463417
185,0.0537109375, 0.56201171875, -0.66455078125, -63.47560975609757, 5.731707317073171, 5.975609756097562
187,0.07958984375, 0.4921875, -0.58837890625, -44.390243902439025, 5.3048780487804885, -2.1341463414634148
189,0.07373046875, 0.48779296875, -0.5732421875, -35.36585365853659, 6.646341463414635, -2.682926829268293
191,0.0595703125, 0.5107421875, -0.55908203125, -3.1707317073170733, 9.085365853658537, -0.12195121951219513
193,0.048828125, 0.533203125, -0.5849609375, 13.963414634146343, 2.6219512195121952, -4.75609756097561
195,0.015625, 0.60205078125, -0.70263671875, 25.000000000000004, -3.231707317073171, -3.414634146341464
197,0.04541015625, 0.57177734375, -0.71142578125, 29.08536585365854, 0.48780487804878053, 1.2804878048780488
199,0.0498046875, 0.5322265625, -0.69677734375, 38.170731707317074, -0.426829268292683, 0.9146341463414634
201,0.0380859375, 0.5224609375, -0.7041015625, 46.646341463414636, -4.2682926829268295, -0.48780487804878053
203,0.01806640625, 0.51123046875, -0.71044921875, 64.39024390243902, -14.207317073170733, -6.158536585365854
205,0.03076171875, 0.49365234375, -0.703125, 73.17073170731707, -17.439024390243905, -7.987804878048781
207,0.0126953125, 0.52294921875, -0.76171875, 86.28048780487805, -18.658536585365855, -2.9268292682926833
209,0.01123046875, 0.55517578125, -0.83056640625, 84.51219512195122, -22.31707317073171, -3.231707317073171
211,0.02197265625, 0.388671875, -0.7822265625, 74.14634146341464, -2.682926829268293, 4.2682926829268295
213,0.03466796875, 0.3095703125, -0.77978515625, 123.53658536585367, -23.78048780487805, -4.878048780487806
215,-0.04541015625, 0.4306640625, -0.9677734375, 146.40243902439025, -54.146341463414636, -17.5609756097561
217,-0.07568359375, 0.45556640625, -1.041015625, 146.21951219512195, -52.6219512195122, -23.10975609756098
219,-0.0634765625, 0.4638671875, -1.0693359375, 109.57317073170732, -31.89024390243903, -7.317073170731708
221,0.0390625, 0.21337890625, -0.8447265625, 69.08536585365854, 12.134146341463415, -3.231707317073171
223,-0.005859375, 0.24169921875, -0.9345703125, 89.26829268292684, -9.329268292682928, -19.939024390243905
225,-0.04052734375, 0.2607421875, -0.98388671875, 88.53658536585367, -9.939024390243903, -18.170731707317074
227,-0.06982421875, 0.27197265625, -1.03955078125, 80.91463414634147, -3.414634146341464, -12.317073170731708
229,-0.060546875, 0.244140625, -1.03564453125, 72.6829268292683, -2.25609756097561, -9.51219512195122
231,-0.056640625, 0.21826171875, -1.03662109375, 62.987804878048784, -6.158536585365854, -11.707317073170733
233,-0.041015625, 0.20361328125, -1.046875, 55.1829268292683, -6.341463414634147, -13.29268292682927
235,-0.02685546875, 0.18310546875, -1.0302734375, 42.6829268292683, 2.7439024390243905, -11.28048780487805
237,-0.05224609375, 0.1123046875, -0.9931640625, 35.85365853658537, 16.402439024390244, -9.207317073170733
239,-0.1025390625, 0.1474609375, -1.078125, 35.79268292682927, -2.7439024390243905, -15.914634146341465
241,-0.10400390625, 0.173828125, -1.1083984375, 30.243902439024392, -7.134146341463415, -16.03658536585366
243,-0.09423828125, 0.1884765625, -1.134765625, 14.329268292682928, -7.378048780487806, -12.926829268292684
245,-0.080078125, 0.173828125, -1.126953125, -8.109756097560977, 5.548780487804878, -5.487804878048781
247,-0.080078125, 0.15625, -1.10546875, -16.28048780487805, 8.658536585365855, -5.548780487804878
249,-0.068359375, 0.1259765625, -1.0322265625, -37.6829268292683, 14.634146341463415, -10.060975609756099
251,-0.1044921875, 0.126953125, -1.0546875, -46.28048780487805, 15.000000000000002, -5.182926829268293
253,-0.10693359375, 0.14794921875, -1.09912109375, -53.23170731707317, 10.24390243902439, 4.817073170731708
255,-0.1025390625, 0.2216796875, -1.13818359375, -71.64634146341464, -8.78048780487805, -2.7439024390243905
257,-0.06640625, 0.220703125, -1.13232421875, -80.67073170731707, -8.719512195121952, -2.682926829268293
259,-0.03173828125, 0.32373046875, -1.16015625, -104.51219512195122, -0.5487804878048781, 0.426829268292683
261,-0.03564453125, 0.3349609375, -1.16845703125, -113.59756097560977, 5.731707317073171, 3.963414634146342
263,-0.04736328125, 0.298828125, -1.1015625, -131.89024390243904, 23.53658536585366, 19.32926829268293
265,-0.07177734375, 0.26953125, -1.04296875, -134.81707317073173, 25.975609756097562, 21.646341463414636
267,-0.06103515625, 0.255859375, -0.9267578125, -133.59756097560978, 23.10975609756098, 18.231707317073173
269,-0.05810546875, 0.25537109375, -0.86279296875, -122.98780487804879, 10.060975609756099, 15.79268292682927
271,-0.0458984375, 0.353515625, -0.87158203125, -107.13414634146342, -14.51219512195122, 6.463414634146342
273,0.0126953125, 0.38427734375, -0.8447265625, -110.91463414634147, -8.292682926829269, 9.878048780487806
275,0.02978515625, 0.40478515625, -0.80908203125, -113.84146341463416, 7.987804878048781, 17.31707317073171
277,0.025390625, 0.41748046875, -0.77490234375, -111.03658536585367, 14.390243902439027, 16.34146341463415
279,0.029296875, 0.4638671875, -0.78173828125, -107.8048780487805, 14.390243902439027, 15.609756097560977
281,-0.0009765625, 0.4716796875, -0.72509765625, -104.75609756097562, 20.426829268292686, 10.670731707317074
283,0.00390625, 0.44677734375, -0.68505859375, -93.71951219512196, 23.902439024390247, 12.987804878048781
285,-0.0380859375, 0.47607421875, -0.63720703125, -72.31707317073172, 11.341463414634147, 1.524390243902439
287,-0.04052734375, 0.48291015625, -0.63134765625, -64.45121951219512, 3.4756097560975614, -3.4756097560975614
289,-0.0283203125, 0.509765625, -0.64013671875, -39.75609756097561, -6.890243902439025, -1.4634146341463417
291,0.001953125, 0.50244140625, -0.564453125, 17.5609756097561, -2.25609756097561, -0.5487804878048781
293,-0.0419921875, 0.60595703125, -0.7548828125, 40.54878048780488, -12.439024390243903, -7.560975609756098
295,0.005859375, 0.58203125, -0.76318359375, 33.84146341463415, -0.9756097560975611, 6.036585365853659
297,0.02734375, 0.50927734375, -0.72705078125, 47.07317073170732, 2.804878048780488, -0.5487804878048781
299,-0.00390625, 0.52734375, -0.8046875, 60.85365853658537, -7.621951219512196, -9.329268292682928
301,-0.01513671875, 0.5263671875, -0.83203125, 64.14634146341464, -13.231707317073171, -12.256097560975611
303,-0.0263671875, 0.4931640625, -0.8388671875, 66.82926829268293, -15.731707317073171, -11.585365853658537
305,-0.0126953125, 0.4326171875, -0.79150390625, 69.45121951219512, -11.646341463414634, -6.402439024390245
307,0.01220703125, 0.36474609375, -0.72998046875, 83.29268292682927, -5.182926829268293, -2.6219512195121952
309,-0.02587890625, 0.39013671875, -0.80029296875, 97.50000000000001, -11.585365853658537, -7.865853658536586
311,-0.03955078125, 0.43212890625, -0.86376953125, 101.34146341463415, -22.195121951219512, -12.134146341463415
313,-0.060546875, 0.4287109375, -0.95947265625, 92.92682926829269, -22.621951219512198, -12.80487804878049
315,-0.0283203125, 0.4013671875, -0.93896484375, 83.29268292682927, -10.0, -5.182926829268293
317,-0.00927734375, 0.3515625, -0.90625, 80.73170731707317, -2.9268292682926833, -2.6219512195121952
319,-0.01513671875, 0.306640625, -0.85546875, 84.69512195121952, -1.7682926829268295, -5.731707317073171
321,-0.07958984375, 0.326171875, -1.0380859375, 57.01219512195122, 5.975609756097562, -10.060975609756099
323,-0.078125, 0.208984375, -0.974609375, 42.01219512195122, 7.560975609756098, -13.902439024390246
325,-0.08251953125, 0.2109375, -0.9892578125, 38.84146341463415, 6.341463414634147, -13.78048780487805
327,-0.09375, 0.220703125, -1.0400390625, 34.51219512195122, 3.780487804878049, -12.256097560975611
329,-0.09814453125, 0.2021484375, -1.052734375, 22.865853658536587, 6.951219512195123, -9.085365853658537
331,-0.087890625, 0.1943359375, -1.0517578125, 20.79268292682927, 7.8048780487804885, -7.01219512195122
333,-0.07763671875, 0.18310546875, -1.033203125, 17.012195121951223, 5.426829268292684, -3.5975609756097566
335,-0.068359375, 0.19384765625, -1.04638671875, 12.865853658536587, 4.878048780487806, -3.414634146341464
337,-0.0615234375, 0.21875, -1.0849609375, 8.536585365853659, 2.25609756097561, -5.914634146341464
339,-0.0869140625, 0.22119140625, -1.095703125, -5.609756097560976, 6.158536585365854, -5.731707317073171
341,-0.05322265625, 0.17431640625, -1.0341796875, -15.609756097560977, 8.414634146341465, -2.0121951219512195
343,-0.046875, 0.193359375, -1.0458984375, -18.475609756097562, 5.7926829268292686, 0.24390243902439027
345,-0.06591796875, 0.2158203125, -1.06689453125, -21.585365853658537, 4.451219512195122, -0.06097560975609757
347,-0.08740234375, 0.2578125, -1.1171875, -43.59756097560976, 6.7682926829268295, 2.5
349,-0.07666015625, 0.26123046875, -1.1083984375, -51.34146341463415, 9.390243902439025, 2.8658536585365857
351,-0.12353515625, 0.37841796875, -1.20703125, -92.5609756097561, -6.707317073170732, 1.829268292682927
353,-0.14013671875, 0.40087890625, -1.205078125, -119.45121951219514, -0.1829268292682927, 9.573170731707318
355,-0.13232421875, 0.37744140625, -1.1708984375, -130.97560975609758, 5.853658536585367, 11.463414634146343
357,0.06982421875, 0.3603515625, -0.869140625, -148.90243902439025, 14.390243902439027, 23.231707317073173
359,0.05029296875, 0.42919921875, -0.7763671875, -135.1219512195122, 23.353658536585368, 0.426829268292683
361,-0.041015625, 0.53857421875, -0.77783203125, -127.13414634146342, 12.987804878048781, -4.75609756097561
363,-0.04296875, 0.5126953125, -0.69970703125, -124.14634146341464, 15.30487804878049, -5.3048780487804885
365,-0.02197265625, 0.455078125, -0.5986328125, -110.00000000000001, 13.536585365853659, -8.902439024390244
367,-0.01123046875, 0.41650390625, -0.56201171875, -96.95121951219512, 9.756097560975611, -6.829268292682928
369,-0.04052734375, 0.42333984375, -0.47314453125, -66.82926829268293, 8.597560975609756, 3.658536585365854
371,-0.0673828125, 0.48828125, -0.46533203125, -34.08536585365854, 0.6097560975609757, 2.0121951219512195
373,-0.06982421875, 0.52001953125, -0.48583984375, -19.085365853658537, -5.365853658536586, -1.707317073170732
375,-0.05126953125, 0.53173828125, -0.49853515625, 5.914634146341464, -3.2926829268292686, -0.12195121951219513
377,-0.05322265625, 0.56103515625, -0.5322265625, 13.231707317073171, -3.5975609756097566, 1.4634146341463417
379,-0.0625, 0.61572265625, -0.60693359375, 18.963414634146343, -7.682926829268293, -2.1951219512195124
381,-0.04736328125, 0.625, -0.650390625, 19.512195121951223, -7.682926829268293, -3.048780487804878
383,-0.0400390625, 0.61572265625, -0.66162109375, 20.670731707317074, -1.7682926829268295, 1.2804878048780488
385,-0.04345703125, 0.62109375, -0.67626953125, 23.414634146341466, 1.402439024390244, 2.5
387,-0.03564453125, 0.5966796875, -0.666015625, 25.731707317073173, 3.7195121951219514, 3.353658536585366
389,-0.017578125, 0.58740234375, -0.6572265625, 32.6219512195122, 6.036585365853659, 5.182926829268293
391,-0.0078125, 0.58544921875, -0.6474609375, 41.15853658536586, 8.536585365853659, 3.5975609756097566
393,0.00048828125, 0.57763671875, -0.65625, 48.23170731707317, 7.195121951219513, 0.3658536585365854
395,-0.01171875, 0.587890625, -0.689453125, 58.65853658536586, 0.3658536585365854, -4.146341463414634
397,-0.03466796875, 0.52001953125, -0.71923828125, 75.67073170731707, -4.329268292682928, -2.9268292682926833
399,-0.06103515625, 0.47119140625, -0.73193359375, 102.8658536585366, -18.53658536585366, -2.5
401,-0.0224609375, 0.48828125, -0.78076171875, 101.70731707317074, -14.51219512195122, -2.5609756097560976
403,-0.01171875, 0.51904296875, -0.8349609375, 98.96341463414635, -12.134146341463415, -1.9512195121951221
405,-0.07470703125, 0.55029296875, -0.97314453125, 81.15853658536587, -13.597560975609758, -6.951219512195123
407,-0.07470703125, 0.51318359375, -0.9697265625, 71.70731707317074, -10.609756097560977, -8.841463414634147
409,-0.0419921875, 0.416015625, -0.89208984375, 64.02439024390245, -0.6097560975609757, -1.2804878048780488
411,-0.02685546875, 0.34716796875, -0.79052734375, 69.63414634146342, 4.451219512195122, -0.06097560975609757
413,-0.00634765625, 0.27099609375, -0.7216796875, 86.09756097560977, 6.341463414634147, -1.524390243902439
415,-0.06201171875, 0.30712890625, -0.81298828125, 97.92682926829269, 2.073170731707317, -3.5975609756097566
417,-0.0791015625, 0.365234375, -0.95703125, 103.65853658536587, -14.390243902439027, -13.902439024390246
419,-0.021484375, 0.28369140625, -0.9794921875, 82.5609756097561, 2.25609756097561, -12.439024390243903
421,-0.07080078125, 0.22509765625, -0.97802734375, 70.0609756097561, 11.585365853658537, -13.719512195121952
423,-0.12451171875, 0.19873046875, -1.01171875, 70.60975609756098, 10.365853658536587, -8.963414634146343
425,-0.125, 0.2265625, -1.07568359375, 66.46341463414635, -3.536585365853659, -10.30487804878049
427,-0.08251953125, 0.248046875, -1.1396484375, 28.719512195121954, 5.0, -5.853658536585367
429,-0.0849609375, 0.23583984375, -1.12158203125, 20.30487804878049, 7.195121951219513, -6.463414634146342
431,-0.07568359375, 0.1826171875, -1.0810546875, 8.170731707317074, 9.146341463414634, -7.317073170731708
433,-0.09912109375, 0.1787109375, -1.08203125, -9.207317073170733, 6.829268292682928, -2.5
435,-0.10400390625, 0.19921875, -1.103515625, -17.073170731707318, 7.195121951219513, 0.06097560975609757
437,-0.09375, 0.20166015625, -1.11962890625, -22.682926829268293, 5.731707317073171, 1.0365853658536586
439,-0.06591796875, 0.2041015625, -1.111328125, -33.71951219512196, 7.987804878048781, 4.695121951219512
441,-0.0517578125, 0.19384765625, -1.076171875, -46.82926829268293, 16.82926829268293, 9.878048780487806
443,-0.06201171875, 0.19287109375, -1.05908203125, -52.31707317073171, 16.402439024390244, 6.890243902439025
445,-0.056640625, 0.189453125, -1.044921875, -55.487804878048784, 13.04878048780488, 1.0975609756097562
447,-0.07666015625, 0.22216796875, -1.0634765625, -57.01219512195122, 8.292682926829269, 0.30487804878048785
449,-0.0859375, 0.236328125, -1.0693359375, -59.87804878048781, 7.621951219512196, 1.524390243902439
451,-0.08544921875, 0.31884765625, -1.11669921875, -77.98780487804879, 12.195121951219512, 16.82926829268293
453,-0.0595703125, 0.40625, -1.1845703125, -98.41463414634147, 9.085365853658537, 25.792682926829272
455,-0.03466796875, 0.40869140625, -1.18798828125, -120.54878048780489, 14.878048780487806, 27.926829268292686
457,-0.02490234375, 0.35986328125, -1.10693359375, -146.15853658536588, 31.03658536585366, 24.573170731707318
459,0.021484375, 0.29150390625, -0.90185546875, -162.5609756097561, 44.87804878048781, 21.03658536585366
461,0.06298828125, 0.29638671875, -0.79833984375, -149.39024390243904, 45.1829268292683, 7.134146341463415
463,-0.009765625, 0.482421875, -0.853515625, -133.53658536585368, 26.34146341463415, -6.951219512195123
465,-0.0439453125, 0.52392578125, -0.9033203125, -140.97560975609758, 34.81707317073171, 3.658536585365854
467,-0.08447265625, 0.5693359375, -0.900390625, -148.78048780487805, 34.75609756097561, 19.26829268292683
469,-0.06201171875, 0.47998046875, -0.77001953125, -152.19512195121953, 27.926829268292686, 17.743902439024392
471,-0.0107421875, 0.42333984375, -0.640625, -140.6707317073171, 18.29268292682927, 13.963414634146343
473,0.021484375, 0.42138671875, -0.55078125, -116.64634146341464, 2.3170731707317076, 2.804878048780488
475,0.07421875, 0.50634765625, -0.46728515625, -48.23170731707317, -14.02439024390244, -3.536585365853659
477,-0.00048828125, 0.5966796875, -0.59375, -18.719512195121954, -9.085365853658537, 1.1585365853658538
479,-0.005859375, 0.5771484375, -0.55810546875, -8.963414634146343, -4.329268292682928, 3.231707317073171
481,0.05615234375, 0.56640625, -0.51123046875, 14.695121951219514, 1.8902439024390245, 1.8902439024390245
483,0.04296875, 0.65283203125, -0.6298828125, 40.1219512195122, 3.2926829268292686, -4.207317073170732
485,0.01416015625, 0.66650390625, -0.68017578125, 42.987804878048784, 1.5853658536585367, -3.8414634146341466
487,-0.02001953125, 0.67529296875, -0.7373046875, 39.75609756097561, -0.853658536585366, -0.30487804878048785
489,-0.02685546875, 0.67431640625, -0.7451171875, 38.35365853658537, -2.804878048780488, -0.48780487804878053
491,-0.013671875, 0.630859375, -0.72412109375, 36.707317073170735, -5.548780487804878, 0.853658536585366
493,-0.005859375, 0.5830078125, -0.6806640625, 38.170731707317074, -3.353658536585366, 2.682926829268293
495,0.03515625, 0.505859375, -0.60693359375, 52.19512195121952, 1.8902439024390245, 1.0365853658536586
497,0.0703125, 0.4658203125, -0.5595703125, 63.65853658536586, 4.878048780487806, 1.524390243902439
499,0.0859375, 0.48974609375, -0.60009765625, 82.6829268292683, 1.0365853658536586, 1.2195121951219514
501,-0.00537109375, 0.6435546875, -0.90625, 84.75609756097562, -18.10975609756098, -11.76829268292683
503,0.00634765625, 0.509765625, -0.798828125, 67.13414634146342, 8.414634146341465, 1.707317073170732
505,-0.0009765625, 0.443359375, -0.74658203125, 68.78048780487805, 13.04878048780488, 3.2926829268292686
507,0.01953125, 0.36767578125, -0.673828125, 97.8048780487805, -2.1951219512195124, -2.8658536585365857
509,0.0224609375, 0.3759765625, -0.71484375, 107.7439024390244, -14.207317073170733, -7.987804878048781
511,-0.02490234375, 0.47265625, -1.0185546875, 91.09756097560977, -23.475609756097562, -10.487804878048781
513,0.009765625, 0.29052734375, -0.8447265625, 88.23170731707317, -6.219512195121951, -3.048780487804878
515,-0.01953125, 0.322265625, -0.9287109375, 98.90243902439025, -15.79268292682927, -10.609756097560977
517,-0.05517578125, 0.3525390625, -0.99267578125, 95.73170731707317, -20.182926829268293, -11.951219512195124
519,-0.09033203125, 0.40087890625, -1.1025390625, 79.63414634146342, -21.158536585365855, -14.26829268292683
521,-0.08056640625, 0.37158203125, -1.1142578125, 68.17073170731707, -16.951219512195124, -12.500000000000002
523,-0.06005859375, 0.322265625, -1.068359375, 42.13414634146342, -3.4756097560975614, -6.036585365853659
525,-0.048828125, 0.24658203125, -0.96728515625, 24.146341463414636, 11.707317073170733, -6.463414634146342
527,-0.04931640625, 0.203125, -0.93017578125, 24.207317073170735, 15.30487804878049, -8.353658536585366
529,-0.06103515625, 0.16455078125, -0.91259765625, 30.914634146341466, 16.951219512195124, -8.292682926829269
531,-0.107421875, 0.166015625, -0.95263671875, 39.69512195121951, 5.7926829268292686, -8.902439024390244
533,-0.123046875, 0.19091796875, -1.009765625, 38.59756097560976, 2.439024390243903, -6.097560975609756
535,-0.12060546875, 0.2275390625, -1.05322265625, 29.26829268292683, 1.829268292682927, 0.426829268292683
537,-0.09716796875, 0.2265625, -1.05908203125, 22.073170731707318, 1.0365853658536586, -0.12195121951219513
539,-0.060546875, 0.2333984375, -1.0986328125, 6.463414634146342, 4.390243902439025, 0.7926829268292683
541,-0.05615234375, 0.22802734375, -1.09716796875, -0.6707317073170732, 5.548780487804878, 0.9146341463414634
543,-0.064453125, 0.22265625, -1.10205078125, -11.463414634146343, 7.560975609756098, 1.829268292682927
545,-0.0830078125, 0.22509765625, -1.091796875, -26.52439024390244, 7.987804878048781, 2.1341463414634148
547,-0.080078125, 0.23291015625, -1.0927734375, -32.13414634146342, 7.439024390243903, 2.0121951219512195
549,-0.11572265625, 0.3212890625, -1.173828125, -45.54878048780488, -3.4756097560975614, 1.2195121951219514
551,-0.11279296875, 0.337890625, -1.1845703125, -57.743902439024396, -4.451219512195122, 1.6463414634146343
553,-0.072265625, 0.3388671875, -1.193359375, -81.95121951219512, 1.6463414634146343, 7.621951219512196
555,-0.06005859375, 0.3544921875, -1.078125, -127.7439024390244, 8.353658536585366, -3.4756097560975614
557,-0.08837890625, 0.44140625, -1.02880859375, -154.93902439024393, 2.378048780487805, 22.378048780487806
559,-0.03662109375, 0.40576171875, -0.92138671875, -160.1829268292683, 2.7439024390243905, 20.975609756097562
561,0.04736328125, 0.3583984375, -0.69189453125, -141.95121951219514, 7.01219512195122, 21.03658536585366
563,0.0673828125, 0.4716796875, -0.669921875, -117.07317073170732, 9.634146341463415, 10.670731707317074
565,0.00537109375, 0.58154296875, -0.71142578125, -105.2439024390244, 7.8048780487804885, -0.7926829268292683
567,-0.0126953125, 0.58349609375, -0.66748046875, -103.17073170731709, 9.695121951219512, -3.414634146341464
569,-0.00390625, 0.578125, -0.63671875, -102.43902439024392, 11.585365853658537, -3.353658536585366
571,-0.01025390625, 0.59033203125, -0.5791015625, -85.1829268292683, 9.573170731707318, -7.560975609756098
573,-0.03515625, 0.57666015625, -0.52587890625, -70.85365853658537, 1.9512195121951221, -16.52439024390244
575,-0.02197265625, 0.5791015625, -0.50830078125, -61.463414634146346, -0.426829268292683, -17.682926829268293
577,-0.04443359375, 0.57666015625, -0.47314453125, -39.08536585365854, -1.6463414634146343, -7.317073170731708
579,-0.076171875, 0.58935546875, -0.46142578125, -18.231707317073173, -5.365853658536586, -6.890243902439025
581,-0.072265625, 0.58447265625, -0.4560546875, -3.231707317073171, -4.817073170731708, -2.25609756097561
583,-0.06298828125, 0.60986328125, -0.4716796875, 13.04878048780488, -6.036585365853659, 1.3414634146341464
585,-0.05224609375, 0.62255859375, -0.4912109375, 21.097560975609756, -7.621951219512196, -0.24390243902439027
587,-0.04345703125, 0.6435546875, -0.52978515625, 30.182926829268297, -8.292682926829269, -1.1585365853658538
589,-0.02392578125, 0.67919921875, -0.5986328125, 35.1219512195122, -9.878048780487806, -3.1097560975609757
591,-0.03955078125, 0.6767578125, -0.6357421875, 39.32926829268293, -8.048780487804878, -4.207317073170732
593,-0.04052734375, 0.6435546875, -0.64501953125, 42.804878048780495, -1.8902439024390245, -2.8658536585365857
595,-0.03271484375, 0.58544921875, -0.626953125, 56.524390243902445, -1.2195121951219514, -4.634146341463415
597,-0.033203125, 0.56884765625, -0.673828125, 68.90243902439025, -5.731707317073171, -5.914634146341464
599,-0.048828125, 0.5673828125, -0.720703125, 82.50000000000001, -13.841463414634148, -14.817073170731708
601,-0.0546875, 0.52783203125, -0.7529296875, 89.20731707317074, -8.597560975609756, -7.560975609756098
603,-0.11376953125, 0.4677734375, -0.75048828125, 99.20731707317074, -14.51219512195122, -5.853658536585367
605,-0.11279296875, 0.43505859375, -0.74072265625, 101.46341463414635, -13.902439024390246, -4.2682926829268295
607,-0.09130859375, 0.42138671875, -0.76123046875, 114.57317073170732, -15.853658536585368, -4.817073170731708
609,-0.08203125, 0.43505859375, -0.79931640625, 116.28048780487806, -18.29268292682927, -7.073170731707318
611,-0.07177734375, 0.4521484375, -0.9140625, 113.29268292682927, -19.451219512195124, -11.52439024390244
613,-0.06787109375, 0.46337890625, -0.98388671875, 101.95121951219512, -18.29268292682927, -14.817073170731708
615,-0.0673828125, 0.443359375, -0.98291015625, 91.95121951219512, -9.329268292682928, -10.853658536585368
617,-0.0859375, 0.2958984375, -0.9072265625, 82.5609756097561, 24.512195121951223, -5.853658536585367
619,-0.15283203125, 0.33251953125, -0.98486328125, 89.14634146341464, 5.3048780487804885, -14.329268292682928
621,-0.1650390625, 0.349609375, -1.01513671875, 85.60975609756099, -0.7926829268292683, -17.25609756097561
623,-0.1142578125, 0.28955078125, -1.0283203125, 61.82926829268293, 8.902439024390244, -7.500000000000001
625,-0.080078125, 0.22119140625, -1.0439453125, 40.670731707317074, 18.10975609756098, -3.231707317073171
627,-0.14111328125, 0.21923828125, -1.10888671875, 20.731707317073173, 8.841463414634147, -0.7926829268292683
629,-0.13671875, 0.17333984375, -1.08349609375, 9.634146341463415, 2.3170731707317076, -1.829268292682927
631,-0.10009765625, 0.150390625, -1.05029296875, 6.036585365853659, -0.7317073170731708, 0.6707317073170732
633,-0.07958984375, 0.14697265625, -1.0263671875, 5.914634146341464, -1.6463414634146343, 0.7926829268292683
635,-0.041015625, 0.1396484375, -0.9951171875, 4.329268292682928, 0.0, 0.853658536585366
637,-0.04736328125, 0.189453125, -1.0244140625, 0.9756097560975611, 10.426829268292684, 5.3048780487804885
639,-0.0791015625, 0.21142578125, -1.060546875, -6.341463414634147, 14.329268292682928, 8.475609756097562
641,-0.12548828125, 0.2470703125, -1.09912109375, -20.79268292682927, 7.8048780487804885, 3.963414634146342
643,-0.099609375, 0.232421875, -1.08203125, -27.987804878048784, 5.670731707317073, 1.8902439024390245
645,-0.04443359375, 0.1884765625, -1.0126953125, -33.90243902439025, 8.292682926829269, 4.817073170731708
647,-0.05126953125, 0.2109375, -1.01416015625, -35.91463414634147, 6.52439024390244, 3.5975609756097566
649,-0.05859375, 0.2880859375, -1.09912109375, -47.31707317073171, 4.024390243902439, 1.829268292682927
651,-0.0927734375, 0.345703125, -1.16650390625, -54.51219512195122, 2.25609756097561, 2.682926829268293
653,-0.080078125, 0.44287109375, -1.28515625, -96.46341463414635, 8.475609756097562, 7.317073170731708
655,-0.076171875, 0.4580078125, -1.2705078125, -114.57317073170732, 16.28048780487805, 12.987804878048781
657,-0.08349609375, 0.42431640625, -1.2587890625, -136.03658536585368, 26.402439024390247, 11.829268292682928
659,-0.07080078125, 0.36669921875, -1.1728515625, -162.13414634146343, 34.87804878048781, 4.634146341463415
661,-0.05029296875, 0.27587890625, -1.00048828125, -171.03658536585368, 35.487804878048784, 2.9268292682926833
663,-0.0400390625, 0.24560546875, -0.88623046875, -162.25609756097563, 31.89024390243903, 1.4634146341463417
665,0.01611328125, 0.42333984375, -0.76318359375, -129.75609756097563, 28.10975609756098, 23.231707317073173
667,0.00439453125, 0.44482421875, -0.68701171875, -117.8658536585366, 26.03658536585366, 12.926829268292684
669,-0.00244140625, 0.45361328125, -0.61767578125, -105.1219512195122, 15.853658536585368, -1.8902439024390245
671,0.0107421875, 0.44140625, -0.56689453125, -83.29268292682927, 0.06097560975609757, -13.353658536585368
673,-0.0234375, 0.48095703125, -0.5625, -66.64634146341464, -0.1829268292682927, -10.792682926829269
675,-0.0224609375, 0.51904296875, -0.55810546875, -51.03658536585366, -0.12195121951219513, -7.743902439024391
677,-0.0576171875, 0.5537109375, -0.59375, -31.89024390243903, -0.3658536585365854, -0.9146341463414634
679,-0.0556640625, 0.5556640625, -0.58544921875, -26.463414634146343, -1.707317073170732, 0.48780487804878053
681,-0.02490234375, 0.5224609375, -0.5224609375, -8.902439024390244, -1.402439024390244, 5.975609756097562
683,-0.015625, 0.5224609375, -0.5029296875, 1.4634146341463417, -2.6219512195121952, 5.609756097560976
685,-0.005859375, 0.6279296875, -0.65576171875, 22.98780487804878, -14.756097560975611, -0.30487804878048785
687,-0.02197265625, 0.68896484375, -0.74853515625, 11.463414634146343, -6.890243902439025, 2.378048780487805
689,0.00048828125, 0.65478515625, -0.708984375, 8.353658536585366, -4.207317073170732, 1.5853658536585367
691,0.03271484375, 0.58642578125, -0.64208984375, 17.195121951219512, 1.5853658536585367, -0.6707317073170732
693,0.01904296875, 0.55615234375, -0.62646484375, 24.451219512195124, 3.5975609756097566, -2.439024390243903
695,0.0390625, 0.48974609375, -0.5791015625, 57.804878048780495, 2.5, -9.939024390243903
697,-0.08740234375, 0.638671875, -0.85302734375, 72.8048780487805, -21.76829268292683, -9.26829268292683
699,0.06005859375, 0.39111328125, -0.6435546875, 96.70731707317074, 5.3048780487804885, 1.5853658536585367
701,0.009765625, 0.5234375, -0.86328125, 112.01219512195122, -22.31707317073171, -23.353658536585368
703,-0.01513671875, 0.54833984375, -0.94775390625, 107.92682926829269, -26.82926829268293, -28.292682926829272
705,-0.0537109375, 0.4970703125, -1.00390625, 79.02439024390245, -5.487804878048781, -16.03658536585366
707,-0.07421875, 0.38037109375, -0.92138671875, 67.6219512195122, 9.329268292682928, -6.707317073170732
709,-0.0537109375, 0.25146484375, -0.8203125, 73.96341463414635, 4.024390243902439, -7.560975609756098
711,-0.07080078125, 0.27734375, -0.84716796875, 84.39024390243902, -5.121951219512195, -9.756097560975611
713,-0.0693359375, 0.322265625, -0.927734375, 97.98780487804879, -23.719512195121954, -19.02439024390244
715,-0.0791015625, 0.35302734375, -1.0146484375, 90.42682926829269, -15.426829268292684, -11.951219512195124
717,-0.0830078125, 0.34814453125, -1.0234375, 85.85365853658537, -9.146341463414634, -8.658536585365855
719,-0.0791015625, 0.3369140625, -1.01806640625, 80.48780487804879, -2.0121951219512195, -6.097560975609756
721,-0.06640625, 0.24169921875, -0.9658203125, 63.53658536585366, 12.987804878048781, 0.0
723,-0.10205078125, 0.2265625, -0.97705078125, 62.07317073170732, 11.097560975609756, 0.9756097560975611
725,-0.1533203125, 0.2255859375, -1.001953125, 63.47560975609757, -1.9512195121951221, -7.743902439024391
727,-0.1376953125, 0.203125, -1.009765625, 57.07317073170732, -1.524390243902439, -3.963414634146342
729,-0.1181640625, 0.20654296875, -1.021484375, 51.82926829268293, 1.7682926829268295, 2.378048780487805
731,-0.07958984375, 0.1884765625, -1.03857421875, 41.21951219512196, -4.634146341463415, -0.1829268292682927
733,-0.06982421875, 0.1982421875, -1.07666015625, 35.85365853658537, -5.914634146341464, -1.2804878048780488
735,-0.099609375, 0.21435546875, -1.1025390625, 25.60975609756098, -1.2195121951219514, 1.4634146341463417
737,-0.10986328125, 0.23291015625, -1.13671875, 2.073170731707317, 1.9512195121951221, 4.817073170731708
739,-0.05078125, 0.1689453125, -1.00634765625, -9.817073170731708, -0.6097560975609757, 9.573170731707318
741,-0.07666015625, 0.22216796875, -1.04248046875, -18.963414634146343, 1.2804878048780488, 7.378048780487806
743,-0.07763671875, 0.24072265625, -1.06787109375, -23.902439024390247, -0.48780487804878053, 6.402439024390245
745,-0.09619140625, 0.32763671875, -1.2265625, -83.65853658536587, -3.7195121951219514, 12.621951219512196
747,0.0302734375, 0.26416015625, -1.06591796875, -113.96341463414635, 9.817073170731708, -0.1829268292682927
749,0.06591796875, 0.234375, -0.99267578125, -117.19512195121952, 16.70731707317073, -3.7195121951219514
751,-0.00390625, 0.29150390625, -1.02392578125, -111.89024390243904, 15.914634146341465, -7.439024390243903
753,-0.07568359375, 0.3515625, -1.04443359375, -111.28048780487806, 12.256097560975611, -9.390243902439025
755,-0.1259765625, 0.4150390625, -1.11865234375, -120.97560975609757, 9.26829268292683, -1.9512195121951221
757,-0.1650390625, 0.45361328125, -1.111328125, -137.8048780487805, 13.536585365853659, 9.390243902439025
759,-0.18115234375, 0.46435546875, -1.072265625, -150.0, 13.170731707317074, 14.939024390243905
761,0.01513671875, 0.3017578125, -0.68701171875, -158.71951219512198, 15.365853658536587, 2.5
763,0.05810546875, 0.30615234375, -0.60205078125, -134.02439024390245, 19.32926829268293, 1.0975609756097562
765,0.00244140625, 0.431640625, -0.63232421875, -104.20731707317074, 8.353658536585366, -5.182926829268293
767,-0.04150390625, 0.51904296875, -0.705078125, -94.39024390243904, 0.6097560975609757, -8.231707317073171
769,-0.1005859375, 0.5869140625, -0.76513671875, -89.51219512195122, -7.01219512195122, -8.414634146341465
771,-0.07080078125, 0.55224609375, -0.71533203125, -92.13414634146342, 2.8658536585365857, 7.987804878048781
773,-0.0810546875, 0.5361328125, -0.646484375, -88.65853658536587, 11.463414634146343, 14.51219512195122
775,-0.048828125, 0.48974609375, -0.41943359375, -22.378048780487806, 8.78048780487805, 5.182926829268293
777,-0.046875, 0.5498046875, -0.45361328125, 16.52439024390244, 2.3170731707317076, -0.6097560975609757
779,-0.0478515625, 0.6162109375, -0.53466796875, 33.35365853658537, -2.6219512195121952, -1.6463414634146343
781,-0.04052734375, 0.63623046875, -0.58544921875, 38.29268292682927, -1.524390243902439, -1.524390243902439
783,-0.05419921875, 0.6474609375, -0.66015625, 39.75609756097561, -0.30487804878048785, 0.9146341463414634
785,-0.05224609375, 0.6259765625, -0.6748046875, 40.79268292682927, 0.3658536585365854, 4.939024390243903
787,-0.048828125, 0.61376953125, -0.658203125, 41.951219512195124, 2.987804878048781, 8.231707317073171
789,-0.03173828125, 0.58349609375, -0.64208984375, 48.59756097560976, 4.817073170731708, 7.621951219512196
791,-0.00634765625, 0.55517578125, -0.6064453125, 64.69512195121952, 0.7317073170731708, 1.6463414634146343
793,0.0078125, 0.51806640625, -0.58642578125, 89.20731707317074, -5.182926829268293, -7.134146341463415
795,0.00439453125, 0.544921875, -0.685546875, 101.34146341463415, -14.878048780487806, -11.585365853658537
797,-0.06005859375, 0.61669921875, -0.83544921875, 105.67073170731709, -26.707317073170735, -18.353658536585368
799,-0.07275390625, 0.619140625, -0.86279296875, 97.50000000000001, -27.865853658536587, -21.219512195121954
801,-0.029296875, 0.54443359375, -0.84326171875, 85.00000000000001, -12.80487804878049, -11.890243902439025
803,-0.05224609375, 0.419921875, -0.75244140625, 87.50000000000001, 7.621951219512196, -0.9756097560975611
805,-0.06591796875, 0.3876953125, -0.73095703125, 98.23170731707317, 1.6463414634146343, -3.353658536585366
807,-0.087890625, 0.357421875, -0.74169921875, 109.51219512195122, -5.487804878048781, -7.25609756097561
809,-0.1337890625, 0.431640625, -0.9150390625, 123.78048780487806, -29.81707317073171, -14.085365853658537
811,-0.14453125, 0.46044921875, -0.97509765625, 115.06097560975611, -29.08536585365854, -12.500000000000002
813,-0.109375, 0.45166015625, -1.03466796875, 96.40243902439025, -22.012195121951223, -8.292682926829269
815,-0.0712890625, 0.400390625, -1.0126953125, 78.47560975609757, -7.317073170731708, -3.963414634146342
817,-0.03271484375, 0.359375, -0.98046875, 71.28048780487805, 0.6097560975609757, -5.0
819,-0.208984375, 0.2421875, -0.99462890625, 76.82926829268294, -1.2804878048780488, -7.073170731707318
821,-0.11669921875, 0.23876953125, -1.02783203125, 67.98780487804879, -11.402439024390246, -1.829268292682927
823,-0.0654296875, 0.232421875, -1.0390625, 59.69512195121952, -0.5487804878048781, 3.9024390243902443
825,-0.02880859375, 0.21484375, -1.00537109375, 47.07317073170732, 8.841463414634147, -1.2195121951219514
827,-0.02783203125, 0.2001953125, -1.00146484375, 45.0609756097561, 14.329268292682928, -3.780487804878049
829,-0.142578125, 0.162109375, -1.0478515625, 30.0609756097561, 13.29268292682927, -3.353658536585366
831,-0.13134765625, 0.15283203125, -1.05908203125, 22.682926829268293, 1.829268292682927, -3.1707317073170733
833,-0.13232421875, 0.162109375, -1.068359375, 17.682926829268293, -0.24390243902439027, -3.963414634146342
835,-0.12109375, 0.166015625, -1.09814453125, 9.207317073170733, 4.085365853658537, 2.0121951219512195
837,-0.11669921875, 0.1875, -1.1259765625, -8.78048780487805, 6.219512195121951, 5.7926829268292686
839,-0.123046875, 0.1630859375, -1.0595703125, -25.792682926829272, 10.182926829268293, 9.26829268292683
841,-0.1142578125, 0.1328125, -1.00341796875, -26.707317073170735, 6.829268292682928, 7.500000000000001
843,-0.10693359375, 0.13427734375, -1.017578125, -23.658536585365855, -5.609756097560976, 6.890243902439025
845,-0.1162109375, 0.17431640625, -1.04052734375, -24.146341463414636, -10.914634146341465, 6.2804878048780495
847,-0.103515625, 0.24658203125, -1.12109375, -40.73170731707317, -13.475609756097562, 7.8048780487804885
849,-0.0791015625, 0.30908203125, -1.1640625, -63.41463414634147, 1.524390243902439, 19.32926829268293
851,-0.05029296875, 0.35107421875, -1.177734375, -89.14634146341464, 11.829268292682928, 23.414634146341466
853,-0.05029296875, 0.37841796875, -1.2060546875, -124.81707317073172, 21.402439024390247, 20.975609756097562
855,-0.1083984375, 0.3095703125, -1.103515625, -153.2926829268293, 25.121951219512198, -0.6097560975609757
857,-0.0126953125, 0.23681640625, -0.90673828125, -146.15853658536588, 17.012195121951223, 14.634146341463415
859,-0.0087890625, 0.38525390625, -0.875, -137.07317073170734, 5.365853658536586, 18.414634146341466
861,0.017578125, 0.37646484375, -0.884765625, -136.03658536585368, 3.2926829268292686, 15.060975609756099
863,0.0302734375, 0.4189453125, -0.8251953125, -134.39024390243904, 16.70731707317073, 4.51219512195122
865,0.00048828125, 0.46533203125, -0.76318359375, -125.12195121951221, 21.402439024390247, -2.0121951219512195
867,-0.09521484375, 0.474609375, -0.6669921875, -104.45121951219514, 5.670731707317073, -20.30487804878049
869,-0.11083984375, 0.48583984375, -0.619140625, -82.5609756097561, -3.231707317073171, -12.134146341463415
871,-0.10107421875, 0.5087890625, -0.6435546875, -70.67073170731707, -7.8048780487804885, -4.817073170731708
873,-0.09033203125, 0.5244140625, -0.57666015625, -55.97560975609757, -19.02439024390244, 2.9268292682926833
875,-0.06787109375, 0.53466796875, -0.552734375, -47.50000000000001, -18.04878048780488, 6.097560975609756
877,-0.04931640625, 0.5537109375, -0.5068359375, -30.914634146341466, -16.463414634146343, 4.573170731707317
879,-0.05029296875, 0.5634765625, -0.48291015625, -20.914634146341466, -15.182926829268293, 2.25609756097561
881,-0.0380859375, 0.61865234375, -0.51025390625, 15.243902439024392, -1.707317073170732, 0.24390243902439027
883,-0.02294921875, 0.62255859375, -0.5595703125, 25.914634146341466, 0.12195121951219513, -5.7926829268292686
885,-0.03515625, 0.62255859375, -0.5908203125, 31.402439024390247, -0.3658536585365854, -6.585365853658537
887,-0.064453125, 0.65283203125, -0.64501953125, 34.268292682926834, -3.231707317073171, -7.134146341463415
889,-0.0693359375, 0.623046875, -0.6865234375, 36.768292682926834, -4.085365853658537, -2.1951219512195124
891,-0.02197265625, 0.490234375, -0.63037109375, 90.97560975609757, 4.024390243902439, -6.951219512195123
893,-0.1298828125, 0.55029296875, -0.76953125, 110.3658536585366, -25.426829268292686, -21.82926829268293
895,-0.14013671875, 0.56201171875, -0.80029296875, 103.78048780487806, -30.792682926829272, -21.097560975609756
897,-0.0634765625, 0.47216796875, -0.7890625, 94.51219512195122, -14.329268292682928, -9.695121951219512
899,-0.0009765625, 0.3681640625, -0.6728515625, 100.73170731707317, 9.207317073170733, -4.451219512195122
901,0.02490234375, 0.306640625, -0.6142578125, 110.79268292682927, 24.146341463414636, -2.987804878048781
903,-0.00341796875, 0.333984375, -0.734375, 130.3048780487805, 19.32926829268293, -7.134146341463415
905,-0.1435546875, 0.44384765625, -0.97265625, 137.6829268292683, -14.085365853658537, -24.146341463414636
907,-0.1591796875, 0.4599609375, -1.04736328125, 129.26829268292684, -20.914634146341466, -28.53658536585366
909,-0.12744140625, 0.40673828125, -1.06884765625, 102.8658536585366, -5.182926829268293, -15.182926829268293
911,-0.09375, 0.3623046875, -1.01904296875, 92.8048780487805, 7.195121951219513, -8.536585365853659
913,-0.056640625, 0.22265625, -0.8662109375, 84.20731707317074, 28.414634146341466, -8.963414634146343
915,-0.1484375, 0.2158203125, -0.94775390625, 88.35365853658537, 23.10975609756098, -10.975609756097562
917,-0.220703125, 0.23681640625, -1.02197265625, 92.6829268292683, 8.841463414634147, -15.853658536585368
919,-0.20947265625, 0.24560546875, -1.126953125, 75.91463414634147, -9.02439024390244, -12.317073170731708
921,-0.1298828125, 0.205078125, -1.10498046875, 57.25609756097561, 2.3170731707317076, 3.2926829268292686
923,-0.10595703125, 0.19091796875, -1.0751953125, 50.54878048780488, 7.317073170731708, 4.878048780487806
925,-0.064453125, 0.1435546875, -1.0380859375, 44.81707317073171, 5.853658536585367, -1.1585365853658538
927,-0.1240234375, 0.14892578125, -1.10595703125, 36.707317073170735, 4.390243902439025, -2.3170731707317076
929,-0.13916015625, 0.1669921875, -1.13818359375, 25.243902439024392, 4.2682926829268295, 1.524390243902439
931,-0.12255859375, 0.15576171875, -1.13232421875, 3.353658536585366, 5.609756097560976, 6.707317073170732
933,-0.10546875, 0.15966796875, -1.1220703125, -5.3048780487804885, 5.182926829268293, 5.853658536585367
935,-0.08837890625, 0.10693359375, -1.0498046875, -15.54878048780488, 10.0, 5.914634146341464
937,-0.10595703125, 0.1357421875, -1.07373046875, -21.097560975609756, 3.4756097560975614, 3.5975609756097566
939,-0.1083984375, 0.19677734375, -1.142578125, -33.963414634146346, 2.5, 5.2439024390243905
941,-0.1015625, 0.20947265625, -1.15869140625, -45.60975609756098, 4.695121951219512, 7.560975609756098
943,0.029296875, 0.22216796875, -1.0625, -99.08536585365854, 16.70731707317073, 1.8902439024390245
945,0.0546875, 0.25048828125, -0.998046875, -99.08536585365854, 24.146341463414636, -6.890243902439025
947,0.0234375, 0.28759765625, -1.017578125, -99.14634146341464, 26.82926829268293, -10.548780487804878
949,-0.0380859375, 0.33740234375, -1.07666015625, -105.3658536585366, 30.853658536585368, -7.317073170731708
951,-0.12158203125, 0.373046875, -1.13232421875, -113.53658536585367, 29.87804878048781, -3.231707317073171
953,-0.18994140625, 0.41357421875, -1.150390625, -139.57317073170734, 15.670731707317074, -13.04878048780488
955,-0.10400390625, 0.36865234375, -1.0751953125, -150.7317073170732, 5.7926829268292686, -23.475609756097562
957,-0.02880859375, 0.291015625, -0.97900390625, -153.2926829268293, 6.829268292682928, -24.634146341463417
959,0.044921875, 0.26025390625, -0.84130859375, -149.08536585365854, 11.951219512195124, -15.914634146341465
961,0.02685546875, 0.3115234375, -0.7666015625, -126.82926829268294, 17.682926829268293, -3.658536585365854
963,-0.10498046875, 0.466796875, -0.8291015625, -103.90243902439025, 9.451219512195122, 0.1829268292682927
965,-0.10791015625, 0.41943359375, -0.62548828125, -89.32926829268294, 2.0121951219512195, -5.0
967,-0.08984375, 0.51953125, -0.6318359375, -49.39024390243903, -9.573170731707318, 6.2804878048780495
969,-0.0712890625, 0.52392578125, -0.580078125, -37.5, -5.2439024390243905, 11.829268292682928
971,-0.0498046875, 0.5185546875, -0.53466796875, -25.670731707317074, -2.804878048780488, 11.219512195121952
973,-0.02685546875, 0.49560546875, -0.474609375, -3.8414634146341466, -4.878048780487806, 5.670731707317073
975,0.00439453125, 0.53564453125, -0.52880859375, 30.000000000000004, -4.451219512195122, 0.853658536585366
977,-0.03271484375, 0.595703125, -0.59716796875, 37.01219512195122, -6.036585365853659, -1.402439024390244
979,-0.068359375, 0.6484375, -0.708984375, 33.53658536585366, -5.731707317073171, -2.25609756097561
981,-0.060546875, 0.6376953125, -0.7119140625, 28.719512195121954, -0.30487804878048785, 2.25609756097561
983,-0.03564453125, 0.63330078125, -0.71630859375, 25.30487804878049, 3.2926829268292686, 3.5975609756097566
985,-0.0185546875, 0.611328125, -0.69482421875, 25.54878048780488, 8.353658536585366, 3.4756097560975614
987,-0.00390625, 0.55126953125, -0.63671875, 34.93902439024391, 16.76829268292683, 1.1585365853658538
989,-0.00048828125, 0.5302734375, -0.63427734375, 41.09756097560976, 18.597560975609756, 1.2195121951219514
991,-0.029296875, 0.54150390625, -0.67041015625, 52.6219512195122, 12.256097560975611, -2.5
993,-0.0830078125, 0.55419921875, -0.7666015625, 63.963414634146346, -5.365853658536586, -8.475609756097562
995,-0.08984375, 0.54052734375, -0.802734375, 67.19512195121952, -11.341463414634147, -7.500000000000001
997,-0.08447265625, 0.505859375, -0.806640625, 67.25609756097562, -10.609756097560977, -1.6463414634146343
999,-0.0625, 0.47705078125, -0.7900390625, 68.53658536585367, -7.317073170731708, 2.073170731707317
1001,-0.00927734375, 0.38916015625, -0.7099609375, 81.82926829268294, -7.500000000000001, -3.8414634146341466
1003,-0.09130859375, 0.4169921875, -0.9384765625, 103.71951219512196, -33.109756097560975, -11.890243902439025
1005,-0.09765625, 0.31103515625, -0.98193359375, 82.50000000000001, 0.6097560975609757, -5.731707317073171
1007,-0.12353515625, 0.263671875, -0.9833984375, 78.90243902439025, 3.353658536585366, -1.829268292682927
1009,-0.12255859375, 0.2587890625, -1.0078125, 79.57317073170732, 3.7195121951219514, 0.5487804878048781
1011,-0.1181640625, 0.275390625, -1.03271484375, 70.48780487804879, -0.6707317073170732, -6.036585365853659
1013,-0.12451171875, 0.27587890625, -1.05615234375, 59.085365853658544, -0.1829268292682927, -7.439024390243903
1015,-0.1162109375, 0.234375, -1.03564453125, 45.304878048780495, -0.30487804878048785, -12.256097560975611
1017,-0.1025390625, 0.22021484375, -1.0263671875, 41.40243902439025, 0.5487804878048781, -12.74390243902439
1019,-0.15283203125, 0.17822265625, -1.02880859375, 24.02439024390244, 10.670731707317074, -0.6097560975609757
1021,-0.15234375, 0.16845703125, -1.0205078125, 19.390243902439025, 10.060975609756099, 5.731707317073171
1023,-0.154296875, 0.1611328125, -1.01806640625, 17.621951219512198, 6.890243902439025, 7.073170731707318
1025,-0.154296875, 0.15087890625, -1.013671875, 15.30487804878049, -0.12195121951219513, 5.7926829268292686
1027,-0.1328125, 0.158203125, -1.033203125, 15.182926829268293, -4.451219512195122, 4.878048780487806
1029,-0.11376953125, 0.1689453125, -1.0498046875, 10.548780487804878, -6.097560975609756, 4.695121951219512
1031,-0.0849609375, 0.1572265625, -1.05322265625, 6.036585365853659, -1.5853658536585367, 8.109756097560977
1033,-0.0908203125, 0.1689453125, -1.04150390625, -1.7682926829268295, 2.7439024390243905, 9.02439024390244
1035,-0.09912109375, 0.1767578125, -1.05029296875, -7.134146341463415, 4.817073170731708, 9.817073170731708
1037,-0.12060546875, 0.23583984375, -1.10546875, -37.6219512195122, -2.439024390243903, 12.560975609756099
1039,-0.12890625, 0.29833984375, -1.158203125, -69.57317073170732, 0.3658536585365854, 17.195121951219512
1041,-0.109375, 0.30029296875, -1.14697265625, -78.10975609756099, 0.9756097560975611, 16.463414634146343
1043,-0.0498046875, 0.28857421875, -1.10693359375, -91.52439024390245, 2.7439024390243905, 13.353658536585368
1045,-0.0537109375, 0.32666015625, -1.095703125, -113.65853658536587, 11.219512195121952, 9.02439024390244
1047,-0.0927734375, 0.3603515625, -1.091796875, -128.90243902439025, 22.073170731707318, 11.402439024390246
1049,-0.1806640625, 0.33935546875, -1.0458984375, -139.87804878048783, 22.378048780487806, 18.84146341463415
1051,-0.17041015625, 0.33251953125, -1.04150390625, -137.5609756097561, 16.28048780487805, 15.365853658536587
1053,-0.12060546875, 0.31103515625, -0.8935546875, -139.45121951219514, -10.121951219512196, 0.0
1055,-0.0400390625, 0.28955078125, -0.8115234375, -132.5609756097561, -14.573170731707318, -1.402439024390244
1057,0.02978515625, 0.32080078125, -0.708984375, -113.71951219512196, -15.426829268292684, -2.073170731707317
1059,0.0205078125, 0.46826171875, -0.77197265625, -93.10975609756099, -16.158536585365855, -7.25609756097561
1061,-0.017578125, 0.5263671875, -0.8330078125, -90.91463414634147, -10.30487804878049, -4.573170731707317
1063,-0.11572265625, 0.55810546875, -0.8505859375, -106.21951219512196, 15.426829268292684, 16.03658536585366
1065,-0.12060546875, 0.5009765625, -0.74755859375, -109.02439024390245, 17.865853658536587, 10.060975609756099
1067,-0.1123046875, 0.4755859375, -0.666015625, -102.19512195121952, 15.79268292682927, 4.51219512195122
1069,-0.095703125, 0.4794921875, -0.6318359375, -85.60975609756099, 1.7682926829268295, -4.146341463414634
1071,-0.08447265625, 0.53857421875, -0.63916015625, -69.57317073170732, -6.707317073170732, -5.914634146341464
1073,-0.07568359375, 0.58349609375, -0.64599609375, -64.81707317073172, -6.52439024390244, -3.658536585365854
1075,-0.0791015625, 0.58544921875, -0.62646484375, -59.87804878048781, -0.9146341463414634, 0.30487804878048785
1077,-0.03564453125, 0.52880859375, -0.423828125, -0.24390243902439027, 14.390243902439027, 0.6707317073170732
1079,-0.08203125, 0.64794921875, -0.5751953125, 35.54878048780488, -3.7195121951219514, -10.853658536585368
1081,-0.0791015625, 0.7041015625, -0.65625, 32.6829268292683, -4.817073170731708, -10.548780487804878
1083,-0.072265625, 0.71533203125, -0.70166015625, 25.0609756097561, 2.5, -5.182926829268293
1085,-0.0693359375, 0.6962890625, -0.70068359375, 15.060975609756099, 12.80487804878049, 0.6707317073170732
1087,-0.0693359375, 0.65087890625, -0.6728515625, 13.658536585365855, 18.414634146341466, 2.804878048780488
1089,-0.06640625, 0.6064453125, -0.6259765625, 19.390243902439025, 20.243902439024392, 2.073170731707317
1091,-0.06787109375, 0.587890625, -0.61279296875, 25.670731707317074, 18.170731707317074, -0.06097560975609757
1093,-0.080078125, 0.55126953125, -0.61572265625, 59.81707317073171, 3.4756097560975614, -4.024390243902439
1095,-0.095703125, 0.58935546875, -0.73828125, 77.5609756097561, -15.487804878048783, -5.609756097560976
1097,-0.03857421875, 0.56005859375, -0.7451171875, 76.52439024390245, -9.26829268292683, -4.390243902439025
1099,-0.01416015625, 0.45751953125, -0.68115234375, 85.48780487804879, 7.8048780487804885, -3.2926829268292686
1101,-0.01025390625, 0.45458984375, -0.697265625, 90.2439024390244, 9.02439024390244, -5.670731707317073
1103,-0.07421875, 0.47412109375, -0.85595703125, 106.76829268292684, -5.670731707317073, -13.963414634146343
1105,-0.130859375, 0.5048828125, -0.94140625, 106.28048780487806, -17.195121951219512, -17.5
1107,-0.12158203125, 0.484375, -0.9482421875, 98.84146341463415, -17.134146341463417, -16.402439024390244
1109,-0.0859375, 0.43115234375, -0.91748046875, 81.89024390243902, 4.146341463414634, -3.414634146341464
1111,-0.11767578125, 0.3583984375, -0.9404296875, 87.43902439024392, 18.475609756097562, -13.170731707317074
1113,-0.162109375, 0.3212890625, -1.00634765625, 64.87804878048782, 7.01219512195122, -6.219512195121951
1115,-0.12890625, 0.26025390625, -0.97119140625, 64.69512195121952, 4.146341463414634, -2.9268292682926833
1117,-0.10546875, 0.21044921875, -0.90625, 64.75609756097562, 10.914634146341465, 4.51219512195122
1119,-0.09228515625, 0.18212890625, -0.88037109375, 68.41463414634147, 14.695121951219514, 7.987804878048781
1121,-0.119140625, 0.21923828125, -0.94482421875, 72.92682926829269, 5.060975609756098, 6.036585365853659
1123,-0.11962890625, 0.23388671875, -1.00244140625, 69.81707317073172, -1.9512195121951221, 2.073170731707317
1125,-0.08251953125, 0.23876953125, -1.0595703125, 64.63414634146342, -7.621951219512196, -1.4634146341463417
1127,-0.0439453125, 0.23193359375, -1.0888671875, 59.51219512195122, -4.75609756097561, 0.30487804878048785
1129,-0.06005859375, 0.25732421875, -1.1103515625, 44.81707317073171, 5.121951219512195, 3.1707317073170733
1131,-0.05126953125, 0.236328125, -1.099609375, 32.926829268292686, 10.426829268292684, 3.5975609756097566
1133,-0.07275390625, 0.20703125, -1.083984375, 24.695121951219516, 13.414634146341465, 6.097560975609756
1135,-0.08935546875, 0.2001953125, -1.0830078125, 21.28048780487805, 11.158536585365855, 5.853658536585367
1137,-0.12060546875, 0.189453125, -1.080078125, 15.487804878048783, 4.695121951219512, 3.2926829268292686
1139,-0.1181640625, 0.17626953125, -1.08349609375, 11.76829268292683, -1.0365853658536586, 2.1951219512195124
1141,-0.0859375, 0.18505859375, -1.0791015625, 1.2195121951219514, -13.719512195121952, -2.1341463414634148
1143,-0.0234375, 0.1669921875, -1.04833984375, -25.182926829268293, -4.207317073170732, 6.341463414634147
1145,-0.0224609375, 0.1962890625, -1.078125, -32.43902439024391, 7.073170731707318, 12.195121951219512
1147,-0.01904296875, 0.22998046875, -1.10791015625, -46.21951219512196, 12.500000000000002, 9.451219512195122
1149,-0.03759765625, 0.24755859375, -1.10595703125, -51.82926829268293, 13.353658536585368, 4.878048780487806
1151,-0.05517578125, 0.33056640625, -1.177734375, -82.92682926829269, 12.073170731707318, -11.097560975609756
1153,-0.0810546875, 0.32568359375, -1.16015625, -118.71951219512196, 14.390243902439027, -5.0
1155,-0.06982421875, 0.33740234375, -1.03955078125, -135.7926829268293, 5.0, 2.804878048780488
1157,-0.0390625, 0.3544921875, -0.9912109375, -140.91463414634148, -1.7682926829268295, -4.146341463414634
1159,0.0048828125, 0.39208984375, -0.9267578125, -149.26829268292684, 7.317073170731708, -27.25609756097561
1161,-0.119140625, 0.365234375, -0.78173828125, -129.20731707317074, -0.9146341463414634, -37.19512195121951
1163,-0.13037109375, 0.3505859375, -0.73291015625, -114.02439024390245, -3.1707317073170733, -15.000000000000002
1165,-0.15625, 0.3935546875, -0.650390625, -99.20731707317074, -4.329268292682928, 7.560975609756098
1167,-0.10693359375, 0.44775390625, -0.60400390625, -81.21951219512196, 1.524390243902439, 19.939024390243905
1169,-0.10107421875, 0.46435546875, -0.57763671875, -73.59756097560977, 2.3170731707317076, 17.439024390243905
1171,-0.044921875, 0.49267578125, -0.55517578125, -63.59756097560976, -0.30487804878048785, 7.500000000000001
1173,-0.029296875, 0.52978515625, -0.576171875, -42.19512195121951, 5.121951219512195, 2.0121951219512195
1175,-0.0546875, 0.54931640625, -0.580078125, -34.024390243902445, 6.585365853658537, 1.0365853658536586
1177,-0.08203125, 0.55859375, -0.5947265625, -22.134146341463417, 6.219512195121951, 1.5853658536585367
1179,-0.09228515625, 0.57763671875, -0.611328125, -18.353658536585368, 5.7926829268292686, 3.780487804878049
1181,-0.10498046875, 0.58740234375, -0.6298828125, -8.963414634146343, 0.1829268292682927, 6.7682926829268295
1183,-0.08056640625, 0.5830078125, -0.60693359375, -1.524390243902439, -2.9268292682926833, 9.451219512195122
1185,-0.0830078125, 0.61181640625, -0.63623046875, 3.5975609756097566, -5.731707317073171, 9.939024390243903
1187,-0.08056640625, 0.63525390625, -0.65478515625, 8.902439024390244, -7.378048780487806, 7.25609756097561
1189,-0.03076171875, 0.58154296875, -0.6484375, 45.487804878048784, -2.5, -2.6219512195121952
1191,-0.09228515625, 0.6220703125, -0.74951171875, 48.29268292682927, -8.597560975609756, -5.0
1193,-0.08935546875, 0.60986328125, -0.76123046875, 45.85365853658537, -4.024390243902439, 0.6097560975609757
1195,-0.08984375, 0.6015625, -0.7626953125, 42.743902439024396, -2.1951219512195124, 4.207317073170732
1197,-0.0810546875, 0.57568359375, -0.73779296875, 41.58536585365854, -0.6097560975609757, 3.231707317073171
1199,-0.0380859375, 0.5, -0.66748046875, 53.29268292682927, 4.939024390243903, 4.573170731707317
1201,-0.02587890625, 0.4599609375, -0.63720703125, 64.63414634146342, 7.439024390243903, 6.2804878048780495
1203,-0.064453125, 0.466796875, -0.6669921875, 77.92682926829269, 8.109756097560977, 0.7317073170731708
1205,-0.0908203125, 0.46484375, -0.716796875, 84.75609756097562, -0.853658536585366, -4.695121951219512
1207,-0.11376953125, 0.48193359375, -0.7646484375, 94.45121951219512, -10.914634146341465, -7.621951219512196
1209,-0.1474609375, 0.4423828125, -0.8369140625, 90.3658536585366, -18.902439024390244, 2.25609756097561
1211,-0.111328125, 0.4013671875, -0.8310546875, 90.60975609756099, -14.573170731707318, 7.195121951219513
1213,-0.10693359375, 0.35986328125, -0.794921875, 89.81707317073172, -9.207317073170733, 8.719512195121952
1215,-0.09033203125, 0.380859375, -0.85400390625, 97.01219512195122, -18.353658536585368, 7.621951219512196
1217,-0.0791015625, 0.427734375, -0.97607421875, 92.98780487804879, -24.32926829268293, -3.7195121951219514
1219,-0.04931640625, 0.40478515625, -1.0234375, 78.96341463414635, -10.365853658536587, -4.878048780487806
1221,-0.05419921875, 0.37841796875, -0.99169921875, 70.3048780487805, 1.829268292682927, -2.378048780487805
1223,-0.02099609375, 0.3203125, -0.93896484375, 62.50000000000001, 15.426829268292684, -2.439024390243903
1225,-0.08935546875, 0.26220703125, -0.92236328125, 60.487804878048784, 25.365853658536587, -3.8414634146341466
1227,-0.13037109375, 0.25146484375, -0.94384765625, 60.426829268292686, 19.939024390243905, -6.2804878048780495
1229,-0.095703125, 0.2177734375, -0.9814453125, 52.804878048780495, 4.939024390243903, -0.5487804878048781
1231,-0.130859375, 0.2021484375, -1.0546875, 31.82926829268293, 7.134146341463415, -1.829268292682927
1233,-0.13232421875, 0.1904296875, -1.06787109375, 23.29268292682927, 8.292682926829269, 4.51219512195122
1235,-0.1103515625, 0.17431640625, -1.0595703125, 14.451219512195124, 0.7926829268292683, 2.25609756097561
1237,-0.0947265625, 0.15771484375, -1.03076171875, 11.097560975609756, 2.3170731707317076, 5.731707317073171
1239,-0.08642578125, 0.166015625, -1.03271484375, 8.353658536585366, -1.5853658536585367, 3.658536585365854
1241,-0.0869140625, 0.1865234375, -1.0810546875, 1.2195121951219514, -0.426829268292683, 5.182926829268293
1243,-0.10791015625, 0.22412109375, -1.11181640625, -12.01219512195122, 3.536585365853659, 6.52439024390244
1245,-0.11962890625, 0.228515625, -1.138671875, -28.59756097560976, 5.060975609756098, 7.560975609756098
1247,-0.13232421875, 0.2421875, -1.14208984375, -39.024390243902445, 4.390243902439025, 8.292682926829269
1249,-0.1298828125, 0.251953125, -1.13427734375, -54.75609756097561, 4.817073170731708, 8.353658536585366
1251,-0.083984375, 0.23388671875, -1.11279296875, -72.37804878048782, 3.1097560975609757, 7.743902439024391
1253,-0.08251953125, 0.23876953125, -1.1083984375, -76.28048780487805, 3.048780487804878, 9.02439024390244
1255,-0.06494140625, 0.30859375, -1.123046875, -92.98780487804879, 1.1585365853658538, 8.78048780487805
1257,-0.07373046875, 0.3271484375, -1.10205078125, -110.67073170731709, 14.390243902439027, 19.81707317073171
1259,-0.08935546875, 0.3525390625, -1.1064453125, -117.50000000000001, 10.975609756097562, 22.743902439024392
1261,-0.1416015625, 0.3583984375, -1.078125, -139.63414634146343, 6.2804878048780495, 10.426829268292684
1263,-0.087890625, 0.3017578125, -0.93603515625, -144.45121951219514, 1.2195121951219514, 2.9268292682926833
1265,-0.1064453125, 0.51513671875, -0.9169921875, -115.97560975609757, -9.390243902439025, 8.475609756097562
1267,-0.064453125, 0.49658203125, -0.72607421875, -130.7926829268293, 2.804878048780488, 7.25609756097561
1269,-0.0263671875, 0.515625, -0.6962890625, -124.63414634146342, -2.1341463414634148, -0.06097560975609757
1271,0.04248046875, 0.51953125, -0.57763671875, -104.32926829268294, -8.231707317073171, -12.378048780487806
1273,0.0390625, 0.5244140625, -0.5576171875, -94.20731707317074, -4.939024390243903, -9.939024390243903
1275,-0.06689453125, 0.5859375, -0.5498046875, -69.39024390243902, 10.24390243902439, 3.048780487804878
1277,-0.0888671875, 0.60107421875, -0.56298828125, -66.76829268292684, 15.000000000000002, 8.353658536585366
1279,-0.07958984375, 0.6689453125, -0.60986328125, -63.23170731707317, 18.902439024390244, 12.134146341463415
1281,-0.0830078125, 0.65625, -0.580078125, -60.060975609756106, 24.451219512195124, 8.231707317073171
1283,-0.0283203125, 0.58837890625, -0.43359375, -32.6829268292683, 28.475609756097562, 2.439024390243903
1285,-0.01513671875, 0.6005859375, -0.4033203125, 6.707317073170732, 22.621951219512198, -3.536585365853659
1287,-0.09423828125, 0.6650390625, -0.48193359375, 22.621951219512198, 9.756097560975611, -8.597560975609756
1289,-0.10205078125, 0.67236328125, -0.54052734375, 31.402439024390247, -5.3048780487804885, -10.121951219512196
1291,-0.10302734375, 0.681640625, -0.564453125, 34.63414634146342, -9.817073170731708, -8.658536585365855
1293,-0.10400390625, 0.66650390625, -0.59765625, 39.146341463414636, -12.926829268292684, 1.707317073170732
1295,-0.060546875, 0.63427734375, -0.556640625, 46.89024390243903, -11.158536585365855, 6.219512195121951
1297,-0.041015625, 0.62890625, -0.5439453125, 53.47560975609757, -10.24390243902439, 4.329268292682928
1299,-0.09423828125, 0.69287109375, -0.78173828125, 91.89024390243904, -19.390243902439025, -15.060975609756099
1301,-0.01708984375, 0.52099609375, -0.67529296875, 68.53658536585367, 17.439024390243905, 1.829268292682927
1303,-0.017578125, 0.451171875, -0.6171875, 89.87804878048782, 20.54878048780488, -4.695121951219512
1305,-0.04345703125, 0.48828125, -0.75732421875, 102.6219512195122, 8.414634146341465, -7.743902439024391
1307,-0.10107421875, 0.5234375, -0.85400390625, 110.1829268292683, -2.1341463414634148, -13.231707317073171
1309,-0.162109375, 0.55859375, -0.99560546875, 99.63414634146342, -17.804878048780488, -13.719512195121952
1311,-0.162109375, 0.4833984375, -0.9365234375, 76.40243902439025, -7.621951219512196, 0.7926829268292683
1313,-0.13623046875, 0.43017578125, -0.888671875, 70.85365853658537, -2.6219512195121952, 3.9024390243902443
1315,-0.05322265625, 0.29052734375, -0.7255859375, 81.15853658536587, 6.097560975609756, 0.9146341463414634
1317,-0.04150390625, 0.27734375, -0.748046875, 111.58536585365854, 6.646341463414635, -5.914634146341464
1319,-0.13232421875, 0.35693359375, -0.923828125, 116.89024390243904, -10.853658536585368, -14.26829268292683
1321,-0.15185546875, 0.39501953125, -1.01611328125, 113.71951219512196, -17.31707317073171, -16.097560975609756
1323,-0.16259765625, 0.404296875, -1.10498046875, 97.8658536585366, -17.31707317073171, -10.792682926829269
1325,-0.1171875, 0.3603515625, -1.0849609375, 71.58536585365854, -2.5609756097560976, 3.4756097560975614
1327,-0.10595703125, 0.3310546875, -1.04931640625, 62.804878048780495, 4.390243902439025, 4.451219512195122
1329,-0.04931640625, 0.263671875, -0.96533203125, 56.28048780487806, 6.585365853658537, -1.5853658536585367
1331,-0.00244140625, 0.1640625, -0.84033203125, 63.17073170731708, 23.59756097560976, -2.987804878048781
1333,-0.03271484375, 0.16064453125, -0.853515625, 69.45121951219512, 22.743902439024392, -5.3048780487804885
1335,-0.18212890625, 0.19384765625, -1.0556640625, 85.97560975609757, -5.853658536585367, -9.695121951219512
1337,-0.0458984375, 0.1611328125, -1.08740234375, 40.1829268292683, 14.02439024390244, -1.9512195121951221
1339,-0.07763671875, 0.1259765625, -1.05908203125, 32.37804878048781, 21.097560975609756, -1.9512195121951221
1341,-0.130859375, 0.08154296875, -1.04443359375, 33.65853658536586, 7.317073170731708, -6.707317073170732
1343,-0.12646484375, 0.07421875, -1.0419921875, 33.59756097560976, 1.2804878048780488, -5.609756097560976
1345,-0.119140625, 0.08056640625, -1.078125, 32.86585365853659, -3.9024390243902443, -2.073170731707317
1347,-0.13916015625, 0.13037109375, -1.1630859375, 19.146341463414636, -6.036585365853659, 4.75609756097561
1349,-0.15380859375, 0.19921875, -1.25390625, -14.207317073170733, -6.7682926829268295, 9.085365853658537
1351,-0.13720703125, 0.18017578125, -1.240234375, -27.439024390243905, -5.121951219512195, 10.487804878048781
1353,-0.10791015625, 0.1552734375, -1.19140625, -47.07317073170732, 1.8902439024390245, 15.54878048780488
1355,-0.07080078125, 0.14013671875, -1.09033203125, -67.01219512195122, 3.048780487804878, 11.097560975609756
1357,-0.060546875, 0.12109375, -1.05859375, -71.34146341463415, 4.573170731707317, 7.926829268292684
1359,-0.0712890625, 0.177734375, -1.10498046875, -75.91463414634147, -3.8414634146341466, 1.4634146341463417
1361,-0.0615234375, 0.2099609375, -1.119140625, -95.85365853658537, 14.146341463414636, 18.353658536585368
1363,-0.130859375, 0.27392578125, -1.1201171875, -117.25609756097562, 20.182926829268293, 34.69512195121951
1365,-0.1259765625, 0.2421875, -1.0146484375, -138.65853658536585, 14.878048780487806, 18.963414634146343
1367,-0.0302734375, 0.1982421875, -0.87841796875, -131.03658536585368, 0.9756097560975611, 5.426829268292684
1369,-0.02880859375, 0.2744140625, -0.822265625, -108.04878048780489, -5.0, -3.231707317073171
1371,-0.044921875, 0.44873046875, -0.86376953125, -130.3658536585366, 12.500000000000002, 19.878048780487806
1373,-0.02880859375, 0.39990234375, -0.74560546875, -127.56097560975611, 24.085365853658537, 16.463414634146343
1375,-0.013671875, 0.39501953125, -0.642578125, -112.01219512195122, 21.34146341463415, 4.75609756097561
1377,0.00830078125, 0.3671875, -0.5400390625, -85.1829268292683, 18.719512195121954, 1.524390243902439
1379,0.01318359375, 0.48046875, -0.60107421875, -60.243902439024396, 11.341463414634147, -3.780487804878049
1381,-0.02490234375, 0.59228515625, -0.69970703125, -53.53658536585366, 7.987804878048781, -8.841463414634147
1383,-0.0419921875, 0.62255859375, -0.7333984375, -62.743902439024396, 18.170731707317074, -5.548780487804878
1385,-0.05810546875, 0.57666015625, -0.66748046875, -61.585365853658544, 26.52439024390244, -1.524390243902439
1387,-0.05078125, 0.533203125, -0.60302734375, -58.10975609756098, 29.08536585365854, -0.12195121951219513
1389,-0.0263671875, 0.4736328125, -0.48876953125, -38.47560975609756, 31.646341463414636, -1.829268292682927
1391,0.00390625, 0.42626953125, -0.38037109375, 7.01219512195122, 31.219512195121954, -6.341463414634147
1393,-0.01025390625, 0.48486328125, -0.443359375, 33.71951219512196, 21.82926829268293, -6.890243902439025
1395,-0.04931640625, 0.52978515625, -0.52880859375, 45.54878048780488, 14.146341463414636, -8.048780487804878
1397,-0.06982421875, 0.603515625, -0.76220703125, 43.170731707317074, -8.231707317073171, 0.7926829268292683
1399,-0.02587890625, 0.5380859375, -0.68603515625, 44.81707317073171, -1.7682926829268295, 5.609756097560976
1401,0.0, 0.4814453125, -0.634765625, 51.82926829268293, 0.06097560975609757, 4.817073170731708
1403,0.06640625, 0.3740234375, -0.48486328125, 91.09756097560977, 14.817073170731708, -0.9146341463414634
1405,0.07666015625, 0.3681640625, -0.5078125, 106.21951219512196, 13.902439024390246, -7.378048780487806
1407,-0.0234375, 0.51025390625, -0.8017578125, 136.28048780487805, -17.073170731707318, -24.32926829268293
1409,-0.10009765625, 0.5595703125, -1.06689453125, 89.57317073170732, -11.463414634146343, -9.390243902439025
1411,0.0009765625, 0.25390625, -0.81103515625, 109.87804878048782, 1.402439024390244, 4.573170731707317
1413,-0.10400390625, 0.3798828125, -1.0146484375, 118.90243902439025, -15.426829268292684, -7.500000000000001
1415,-0.11474609375, 0.392578125, -1.0927734375, 105.67073170731709, -19.634146341463417, -10.182926829268293
1417,-0.12255859375, 0.38720703125, -1.11865234375, 87.92682926829269, -11.219512195121952, -4.451219512195122
1419,-0.06591796875, 0.32275390625, -1.0888671875, 57.743902439024396, 11.463414634146343, 9.573170731707318
1421,-0.02685546875, 0.22314453125, -0.96484375, 48.53658536585366, 23.84146341463415, 11.890243902439025
1423,-0.02099609375, 0.1572265625, -0.88134765625, 54.81707317073171, 19.75609756097561, 4.573170731707317
1425,-0.07568359375, 0.15283203125, -0.94384765625, 77.01219512195122, -4.2682926829268295, -6.829268292682928
1427,-0.0869140625, 0.201171875, -1.0458984375, 80.97560975609757, -13.963414634146343, -5.914634146341464
1429,-0.11328125, 0.2177734375, -1.08642578125, 79.20731707317074, -15.914634146341465, -5.670731707317073
1431,-0.07470703125, 0.21533203125, -1.103515625, 63.90243902439025, -10.914634146341465, -0.06097560975609757
1433,-0.05712890625, 0.1630859375, -1.05029296875, 45.1219512195122, -2.1341463414634148, 2.0121951219512195
1435,-0.02587890625, 0.12451171875, -1.02685546875, 41.09756097560976, 0.12195121951219513, 1.524390243902439
1437,-0.02734375, 0.1201171875, -1.03125, 40.0, 0.853658536585366, 1.707317073170732
1439,-0.05078125, 0.1259765625, -1.05615234375, 35.426829268292686, 1.0365853658536586, 1.402439024390244
1441,-0.0888671875, 0.14453125, -1.08642578125, 29.32926829268293, -1.8902439024390245, -0.24390243902439027
1443,-0.10107421875, 0.14404296875, -1.08837890625, 24.75609756097561, -2.8658536585365857, -1.0975609756097562
1445,-0.1064453125, 0.14111328125, -1.1240234375, 15.79268292682927, -10.426829268292684, -3.231707317073171
1447,-0.12646484375, 0.1611328125, -1.1396484375, 6.402439024390245, -13.04878048780488, -3.1097560975609757
1449,-0.05908203125, 0.125, -1.095703125, -40.487804878048784, 7.378048780487806, 13.902439024390246
1451,-0.05810546875, 0.20703125, -1.13818359375, -63.17073170731708, 0.426829268292683, 2.7439024390243905
1453,-0.0693359375, 0.244140625, -1.1640625, -69.32926829268293, 0.6097560975609757, -0.6097560975609757
1455,-0.08349609375, 0.3173828125, -1.248046875, -100.06097560975611, 1.8902439024390245, -4.024390243902439
1457,-0.09033203125, 0.3349609375, -1.267578125, -115.2439024390244, 5.2439024390243905, -2.682926829268293
1459,-0.08056640625, 0.328125, -1.23779296875, -143.65853658536588, 15.853658536585368, 0.48780487804878053
1461,0.0, 0.19921875, -1.0263671875, -163.47560975609758, 36.463414634146346, 9.085365853658537
1463,-0.13671875, 0.25341796875, -0.88818359375, -130.4268292682927, 14.51219512195122, -2.1951219512195124
1465,-0.1357421875, 0.3193359375, -0.89501953125, -112.98780487804879, -10.853658536585368, -4.878048780487806
1467,-0.1513671875, 0.4150390625, -0.97216796875, -105.00000000000001, -29.81707317073171, -4.2682926829268295
1469,-0.134765625, 0.4111328125, -0.9580078125, -107.25609756097562, -32.80487804878049, -0.853658536585366
1471,-0.03857421875, 0.41162109375, -0.853515625, -131.15853658536585, -22.25609756097561, 15.182926829268293
1473,0.01123046875, 0.37548828125, -0.75390625, -132.8658536585366, -8.170731707317074, 18.170731707317074
1475,0.09521484375, 0.37744140625, -0.578125, -106.03658536585367, 19.32926829268293, 18.597560975609756
1477,0.0361328125, 0.49365234375, -0.5908203125, -69.87804878048782, 19.512195121951223, 6.7682926829268295
1479,-0.021484375, 0.56396484375, -0.65673828125, -54.207317073170735, 13.841463414634148, 3.8414634146341466
1481,-0.0595703125, 0.59326171875, -0.69384765625, -49.81707317073171, 7.926829268292684, 3.8414634146341466
1483,-0.11865234375, 0.6201171875, -0.74853515625, -50.670731707317074, -8.231707317073171, 6.341463414634147
1485,-0.11865234375, 0.6064453125, -0.7314453125, -51.82926829268293, -6.463414634146342, 6.829268292682928
1487,0.0107421875, 0.58203125, -0.5283203125, -12.439024390243903, 5.2439024390243905, 5.731707317073171
1489,0.0029296875, 0.61279296875, -0.5595703125, -4.695121951219512, 4.146341463414634, 3.231707317073171
1491,-0.05419921875, 0.6533203125, -0.634765625, 3.8414634146341466, -3.780487804878049, -2.1951219512195124
1493,-0.05517578125, 0.62841796875, -0.63720703125, 7.195121951219513, -6.097560975609756, -3.231707317073171
1495,-0.0068359375, 0.564453125, -0.57421875, 25.60975609756098, -0.48780487804878053, -2.1341463414634148
1497,0.02099609375, 0.5498046875, -0.57177734375, 55.91463414634147, 13.231707317073171, -3.353658536585366
1499,-0.02685546875, 0.56982421875, -0.662109375, 73.35365853658537, 5.2439024390243905, -8.963414634146343
